# Sensor UEA-EST, Manaus, Brazil (Purple Air/31509)
# https://aqicn.org/station/@47371/
# Daily pm25
date,min,max,median,q1,q3,stdev,count
2019-11-01T00:00:00.000Z,21.24,26.61,23.87,23.04,25.42,1.424,40
2019-11-08T00:00:00.000Z,17.98,34.78,20.9,20.02,22.2,2.623,72
2019-11-09T00:00:00.000Z,7.59,39.15,26.4,21.57,30.09,6.36,717
2019-11-10T00:00:00.000Z,4.92,36,19.98,18.18,23.7,5.089,718
2019-11-11T00:00:00.000Z,7.98,31.71,14.71,12.59,17.41,4.18,714
2019-11-12T00:00:00.000Z,12.49,35.94,18.98,17.05,20.94,3.332,717
2019-11-13T00:00:00.000Z,6.59,37.59,17.23,15.01,21.08,4.711,710
2019-11-14T00:00:00.000Z,7.58,34.63,18.12,14.84,22.02,5.152,617
2019-11-16T00:00:00.000Z,13.97,33.65,19.6,16.38,24.22,5.347,65
2019-11-17T00:00:00.000Z,12.34,43.51,20.65,17.38,28.74,6.201,720
2019-11-18T00:00:00.000Z,1.39,19.55,11.72,7.91,14.14,4.866,717
2019-11-19T00:00:00.000Z,1.45,37.4,9.15,8.02,10.02,3.05,712
2019-11-20T00:00:00.000Z,2.31,34.64,8,5.13,13.97,4.8,717
2019-11-21T00:00:00.000Z,4.97,37.06,9.98,8.27,12.15,5.286,713
2019-11-22T00:00:00.000Z,0.43,62.84,5.61,2.64,7.12,9.875,714
2019-11-23T00:00:00.000Z,3.55,34.85,8.36,6.99,9.85,5.277,718
2019-11-24T00:00:00.000Z,4.49,51.87,10.54,7.09,16.14,7.05,718
2019-11-25T00:00:00.000Z,4.55,30.87,11.3,8.72,14.08,4.478,705
2019-11-26T00:00:00.000Z,3.38,39.56,20.17,12.06,24.81,8.609,586
2019-11-27T00:00:00.000Z,4.99,46.32,14.27,9.8,23.26,10.039,703
2019-11-28T00:00:00.000Z,11.78,44.75,21.63,19.41,28.01,6.384,236
2019-11-29T00:00:00.000Z,16.26,73.09,22.39,19.7,26.67,11.679,147
2019-11-30T00:00:00.000Z,13.06,58.39,33.97,30.81,37.61,7.558,711
2019-12-01T00:00:00.000Z,13.43,45.92,24.44,21.16,27.11,5.36,712
2019-12-02T00:00:00.000Z,7.01,32.08,17.43,10.03,20.75,6.341,575
2019-12-03T00:00:00.000Z,13.75,40.4,24.21,18.26,28.8,6.261,604
2019-12-04T00:00:00.000Z,2.99,48.85,8.43,7.26,10.21,6.366,698
2019-12-05T00:00:00.000Z,4.97,47.64,10.68,8.97,12.09,3.393,715
2019-12-06T00:00:00.000Z,3.51,35.45,13.14,7.83,18.62,6.622,714
2019-12-07T00:00:00.000Z,5.09,34.51,11.16,8.09,14.89,4.538,514
2019-12-08T00:00:00.000Z,2.41,18.84,5.01,4.07,7.06,2.917,304
2019-12-09T00:00:00.000Z,1.94,14.8,8.02,4.21,9.52,3.074,294
2019-12-10T00:00:00.000Z,4.38,69.67,10.16,8.52,12.67,8.828,702
2019-12-11T00:00:00.000Z,3.09,33.59,8.4,7.15,10.22,2.781,665
2019-12-12T00:00:00.000Z,0,34.97,5.85,4.54,9.14,5.437,689
2019-12-13T00:00:00.000Z,2.91,17.52,6.54,5.49,7.99,2.285,709
2019-12-14T00:00:00.000Z,3.19,71.76,7.66,5.85,9.92,5.562,715
2019-12-15T00:00:00.000Z,0.35,100.36,5.81,4.63,8.47,9.281,707
2019-12-16T00:00:00.000Z,0.63,53.03,4.63,2.77,6.68,4.467,698
2019-12-17T00:00:00.000Z,0.66,38.7,5.41,3.83,10.14,6.12,712
2019-12-18T00:00:00.000Z,0.5,27.83,5.62,4.11,8.19,4.932,584
2019-12-19T00:00:00.000Z,2.35,67.5,6.06,5.07,7.67,4.58,703
2019-12-20T00:00:00.000Z,4.09,39.33,9.27,6.88,12.58,4.123,706
2019-12-21T00:00:00.000Z,5.66,29.09,10.25,7.84,11.89,3.737,659
2019-12-22T00:00:00.000Z,0.71,14.28,5.74,2.87,8.1,2.851,711
2019-12-23T00:00:00.000Z,0.8,30.62,3.53,2.62,5.31,2.586,712
2019-12-24T00:00:00.000Z,1.35,31.78,10.21,6.66,15.19,6.289,704
2019-12-25T00:00:00.000Z,0.28,34.29,4.95,3.39,11,6.714,612
2019-12-26T00:00:00.000Z,1.09,11.12,5.45,3.63,6.89,2.112,714
2019-12-27T00:00:00.000Z,3.35,29.68,5.45,4.69,8.49,4.257,323
2019-12-28T00:00:00.000Z,0.59,12.83,2.47,1.54,3.81,1.74,236
2019-12-29T00:00:00.000Z,0.18,7.89,3.87,3.26,4.51,1.069,722
2019-12-30T00:00:00.000Z,0,16.96,3.94,1.86,7.97,3.662,448
2019-12-31T00:00:00.000Z,1.02,55.59,4.2,3.01,6.28,8.937,687
2020-01-01T00:00:00.000Z,2.62,119.4,8.08,5.57,31.54,24.788,709
2020-01-02T00:00:00.000Z,3.09,83.02,7.43,6.17,8.94,5.886,717
2020-01-03T00:00:00.000Z,5.09,37.28,11.68,8.05,25.67,9.789,649
2020-01-04T00:00:00.000Z,6.02,32.51,8.11,7.3,12.56,6.654,342
2020-01-14T00:00:00.000Z,1.64,4.38,2.73,2.73,2.87,0.579,19
2020-01-21T00:00:00.000Z,3.4,12.19,5.44,4.73,7.13,1.641,190
2020-01-22T00:00:00.000Z,6.05,10.43,7.6,6.95,8.21,1.117,35
2020-01-23T00:00:00.000Z,4.32,30.95,7.49,6.55,9.3,4.723,127
2020-01-24T00:00:00.000Z,5.09,48.2,12.14,8.5,15.15,6.11,412
2020-01-25T00:00:00.000Z,0,59.28,4.22,1.04,30.53,16.504,386
2020-01-28T00:00:00.000Z,1.81,6.49,3.88,2.78,4.94,1.244,55
2020-01-29T00:00:00.000Z,1.42,48.76,7.59,6.41,8.8,4.509,456
2020-01-30T00:00:00.000Z,4.05,30.29,11.83,9.05,18.07,5.935,421
2020-01-31T00:00:00.000Z,2.06,28.39,8.24,5.2,10.97,3.962,403
2020-02-01T00:00:00.000Z,0.53,9.02,2.5,1.79,4.26,1.83,478
2020-02-02T00:00:00.000Z,2.16,30.02,6.98,4.05,14.48,6.585,490
2020-02-03T00:00:00.000Z,10.99,37.7,18.71,15.75,21.44,4.255,453
2020-02-04T00:00:00.000Z,4.66,34.09,12.48,8,15.54,4.997,381
2020-02-05T00:00:00.000Z,2.25,20.42,7.15,5.56,9.77,3.882,366
2020-02-06T00:00:00.000Z,10.17,75.37,19.37,15.57,22.2,5.857,347
2020-02-07T00:00:00.000Z,7.96,68.55,15.31,12.8,17.76,4.695,328
2020-02-08T00:00:00.000Z,6.46,24.35,12.08,10.28,14.67,3.654,398
2020-02-09T00:00:00.000Z,5.88,25.73,11.35,8.66,14.68,4.427,516
2020-02-10T00:00:00.000Z,1.88,14.11,7.13,4.03,9.75,3.062,528
2020-02-11T00:00:00.000Z,1.78,28.42,8.75,6.28,10.91,3.582,516
2020-02-12T00:00:00.000Z,0,15.78,3.22,2.02,4.51,2,526
2020-02-13T00:00:00.000Z,0,17.28,4.55,1.46,6.27,3.063,494
2020-02-14T00:00:00.000Z,0.49,96,5.34,3.77,6.76,7.352,507
2020-02-15T00:00:00.000Z,2.38,39.63,5.76,4.05,8.06,3.173,427
2020-02-16T00:00:00.000Z,1.62,66.7,5.17,4.22,7.31,4.869,512
2020-02-17T00:00:00.000Z,2.27,15.96,6.11,5.21,9.82,3.03,221
2020-03-05T00:00:00.000Z,3.31,11.85,5.3,4.62,6.11,1.062,179
2020-03-06T00:00:00.000Z,2.29,43.5,5.16,3.59,7.98,4.097,652
2020-03-07T00:00:00.000Z,3.81,25.22,7.66,6.17,9.09,3.122,718
2020-03-08T00:00:00.000Z,3.07,33.39,6.45,5.4,14.4,7.355,718
2020-03-09T00:00:00.000Z,4.3,26.27,8.26,7,11.08,3.596,707
2020-03-10T00:00:00.000Z,7.77,58.06,13.16,11.38,15.37,3.337,709
2020-03-11T00:00:00.000Z,5.76,34.11,11.55,9.63,13.31,3.524,664
2020-03-12T00:00:00.000Z,6.65,23.4,12.57,10.46,14.11,2.484,703
2020-03-13T00:00:00.000Z,3.73,65.15,10.19,7.98,12.74,3.993,707
2020-03-14T00:00:00.000Z,11.27,23.4,13.75,12.32,18.3,3.134,23
2020-03-16T00:00:00.000Z,4.4,13.21,8.43,7.29,9.11,1.786,118
2020-03-17T00:00:00.000Z,2.21,125.16,6.52,4.88,8.68,5.226,712
2020-03-18T00:00:00.000Z,2.38,25.02,5.56,4.37,8.09,4.445,706
2020-03-19T00:00:00.000Z,0,12.11,1.86,0.91,2.69,1.454,705
2020-03-20T00:00:00.000Z,0,40.09,2.52,1.25,4.01,4.389,711
2020-03-21T00:00:00.000Z,2.23,67.43,7.87,4.2,13.05,7.017,714
2020-03-22T00:00:00.000Z,2.67,24.36,6.4,5.01,9.49,4.314,553
2020-03-27T00:00:00.000Z,1.29,14.02,5,3.61,7.31,2.771,128
2020-03-28T00:00:00.000Z,1.51,46.82,3.81,3.07,6.08,4.539,722
2020-03-29T00:00:00.000Z,0.71,14,3.06,2.39,4.17,2.036,690
2020-03-30T00:00:00.000Z,0.32,20.44,2.76,2,3.82,1.773,684
2020-03-31T00:00:00.000Z,0,8.52,1.15,0.59,2.52,1.609,721
2020-04-01T00:00:00.000Z,0.37,27.09,2.38,1.88,2.97,1.973,693
2020-04-02T00:00:00.000Z,0.12,10.98,2.36,1.44,3.4,1.548,704
2020-04-03T00:00:00.000Z,0.05,39.56,1.65,0.98,2.5,2.526,720
2020-04-04T00:00:00.000Z,0,6.63,1.91,1.12,2.82,1.212,717
2020-04-05T00:00:00.000Z,0.75,18.2,2.83,2.21,4.12,2.796,721
2020-04-06T00:00:00.000Z,0.36,9,2.62,1.77,3.62,1.564,660
2020-04-07T00:00:00.000Z,0.43,9.52,2.4,1.85,3.08,1.264,612
2020-04-08T00:00:00.000Z,0.32,17.32,3.55,2.16,8.22,3.915,712
2020-04-09T00:00:00.000Z,0.06,29.02,3.04,1.78,4.51,2.956,710
2020-04-10T00:00:00.000Z,0,15.54,1.85,0.54,3.43,3.893,717
2020-04-11T00:00:00.000Z,0.04,47,1.67,1.02,2.78,2.959,719
2020-04-12T00:00:00.000Z,0,19.93,1.76,0.63,5.49,4.176,697
2020-04-13T00:00:00.000Z,0.04,15.12,3.58,1.51,5.64,2.573,422
2020-04-14T00:00:00.000Z,1.09,12.31,6.81,4.01,8.42,2.585,718
2020-04-15T00:00:00.000Z,1.11,18.07,5.45,3.76,6.81,3.133,720
2020-04-16T00:00:00.000Z,0.11,43.94,5.94,4.95,7.31,3.612,713
2020-04-17T00:00:00.000Z,2.6,32,7.2,5.84,8.86,3.17,711
2020-04-18T00:00:00.000Z,0.02,13.5,3.51,2.35,5.82,2.714,716
2020-04-19T00:00:00.000Z,0.95,26.09,3.76,3.09,4.76,1.839,714
2020-04-20T00:00:00.000Z,0.6,12.96,5.7,4.49,6.66,2.395,667
2020-04-21T00:00:00.000Z,0.67,12.07,2.42,1.79,3.98,1.748,722
2020-04-22T00:00:00.000Z,2.25,21.75,4.4,3.81,5.44,2.208,656
2020-04-23T00:00:00.000Z,1.3,36.31,3.46,2.47,5.01,5.476,712
2020-04-24T00:00:00.000Z,0.19,31.98,3.09,2.41,4.43,5.48,723
2020-04-25T00:00:00.000Z,0,22.65,2.6,1.83,4.13,2.557,720
2020-04-26T00:00:00.000Z,0.04,8.67,2.43,1.58,3.52,1.799,720
2020-04-27T00:00:00.000Z,0.02,30.3,1.53,0.89,3.51,3.292,717
2020-04-28T00:00:00.000Z,0,48.19,2.46,1.52,3.7,3.775,719
2020-04-29T00:00:00.000Z,0.05,30.02,2.68,1.26,3.65,2.009,716
2020-04-30T00:00:00.000Z,0.38,15.13,2.8,2.04,4.19,1.907,713
2020-05-01T00:00:00.000Z,0.17,18.91,2.86,1.87,5.92,3.555,713
2020-05-02T00:00:00.000Z,0,17.04,2.62,1.63,4.01,4.116,719
2020-05-03T00:00:00.000Z,0.98,16.03,4.34,3.25,6.04,2.997,722
2020-05-04T00:00:00.000Z,0,27.9,2.57,1.38,4.04,2.918,696
2020-05-05T00:00:00.000Z,0.82,20.36,3.71,2.6,5.81,3.225,721
2020-05-06T00:00:00.000Z,0.09,17.89,3.11,1.59,6.64,4.52,723
2020-05-07T00:00:00.000Z,0.09,26.84,3.57,2.14,6.53,3.335,537
2020-05-08T00:00:00.000Z,0,23.75,2.69,0.81,4.74,4.649,519
2020-05-09T00:00:00.000Z,0,63.48,1.6,0.64,3.45,4.923,468
2020-05-10T00:00:00.000Z,0.5,21.17,3.15,1.39,6.67,3.897,351
2020-05-11T00:00:00.000Z,0.88,10.31,3.53,2.62,4.94,1.98,441
2020-05-12T00:00:00.000Z,0.35,28.84,4.36,3.4,9.81,7.162,672
2020-05-13T00:00:00.000Z,0.56,41.48,3.34,2.22,6.95,5.373,708
2020-05-14T00:00:00.000Z,0,13.85,2.87,1.32,4.83,2.926,506
2020-05-15T00:00:00.000Z,0.91,21.96,4.93,2.43,13.47,5.946,713
2020-05-16T00:00:00.000Z,0.82,199.93,4.18,2.76,6.8,8,718
2020-05-17T00:00:00.000Z,1.4,59.98,4.62,3.38,6.07,3.993,693
2020-05-18T00:00:00.000Z,1.35,32.36,4.09,2.91,6.42,3.935,706
2020-05-19T00:00:00.000Z,0.04,16.86,5.55,2.93,7.47,2.89,718
2020-05-20T00:00:00.000Z,0.38,9.11,3.43,1.98,4.57,1.724,724
2020-05-21T00:00:00.000Z,2.27,20.29,5.05,4.08,6.66,2.056,704
2020-05-22T00:00:00.000Z,0.38,37.4,2.84,2,4.01,3.903,710
2020-05-23T00:00:00.000Z,0,39.04,2.17,1.17,7.45,5.791,714
2020-05-24T00:00:00.000Z,0,19.11,1.4,0.66,2.89,2.427,716
2020-05-25T00:00:00.000Z,0,13.48,0.21,0,2.11,1.493,373
2020-05-26T00:00:00.000Z,0.82,13.72,2.98,2.39,3.54,1.13,715
2020-05-27T00:00:00.000Z,0.96,16.09,3.33,2.56,4.44,1.921,709
2020-05-28T00:00:00.000Z,0,15.37,3.53,2.59,4.55,2.779,711
2020-05-29T00:00:00.000Z,1.31,16.17,4.13,3.12,5.28,1.791,716
2020-05-30T00:00:00.000Z,0.02,11.81,3.74,1.22,4.74,1.968,720
2020-05-31T00:00:00.000Z,0.25,26.06,4,2.38,5.88,4.591,717
2020-06-01T00:00:00.000Z,0.02,13.82,2.96,1.47,4.59,2.211,537
2020-06-02T00:00:00.000Z,0.54,14.62,4.72,3.17,7.86,2.789,673
2020-06-03T00:00:00.000Z,0.95,33.26,5.6,4.01,9.44,5.301,713
2020-06-04T00:00:00.000Z,1,41.45,4.37,3.09,6.51,3.657,703
2020-06-05T00:00:00.000Z,3.51,100.74,11.86,7.21,18.25,10.389,713
2020-06-06T00:00:00.000Z,2.81,23.47,5.85,4.93,11.06,4.481,713
2020-06-07T00:00:00.000Z,0,38.02,2.72,1.24,4.76,7.822,706
2020-06-08T00:00:00.000Z,1.58,13.53,5.46,4.08,7.27,2.133,700
2020-06-09T00:00:00.000Z,1.94,24.1,9.22,5.8,12.04,3.654,687
2020-06-10T00:00:00.000Z,3.74,32.49,8.5,6.25,11.78,4.317,710
2020-06-11T00:00:00.000Z,2.31,35.11,10.47,7.15,15.07,6.098,466
2020-06-12T00:00:00.000Z,0.04,10.38,2.42,1.42,4.46,2.211,713
2020-06-13T00:00:00.000Z,1.79,16.55,4.7,3.54,7.12,2.51,711
2020-06-14T00:00:00.000Z,1.56,26.59,10.11,4.2,14.84,7.161,707
2020-06-15T00:00:00.000Z,3.83,45.3,11.75,6.91,17.3,8.248,707
2020-06-16T00:00:00.000Z,4.57,40.93,9.41,7.4,11.26,5.52,712
2020-06-17T00:00:00.000Z,1,47.53,29.91,24.3,42.36,13.174,80
2020-06-29T00:00:00.000Z,2.31,13.93,8.19,7.1,9.61,1.868,169
2020-06-30T00:00:00.000Z,0.28,33.86,6.01,3.67,8.31,3.307,542
2020-07-01T00:00:00.000Z,2.22,23.43,8.91,4.49,12.81,5.016,521
2020-07-02T00:00:00.000Z,4.38,21.28,8.53,6.63,10.74,3.572,525
2020-07-03T00:00:00.000Z,1.44,47.94,5.61,4.44,7.04,5.413,541
2020-07-04T00:00:00.000Z,2.91,21.47,6.54,4.62,9.03,3.156,558
2020-07-05T00:00:00.000Z,3.62,49.23,9.65,6.45,20.68,11.133,537
2020-07-06T00:00:00.000Z,3.22,15.7,7.31,5.55,10.11,2.939,341
2020-07-07T00:00:00.000Z,2.85,32.11,10.66,7.48,15.25,7.094,529
2020-07-08T00:00:00.000Z,6.3,36.83,11.93,10.13,17.8,6.802,523
2020-07-09T00:00:00.000Z,3.64,35.52,9.43,7.66,15.56,7.698,562
2020-07-10T00:00:00.000Z,0.41,52.94,9.4,6.89,27.36,11.481,587
2020-07-11T00:00:00.000Z,4.83,29,10.52,7.67,12.82,4.408,560
2020-07-12T00:00:00.000Z,2.71,30.94,8.46,5.11,11.64,5.79,559
2020-07-13T00:00:00.000Z,5.01,33.69,10,8.34,13.44,5.684,559
2020-07-14T00:00:00.000Z,2.25,29.76,6.46,5.11,9.03,4.089,541
2020-07-15T00:00:00.000Z,4.75,33.61,11.85,8.3,15.99,5.853,549
2020-07-16T00:00:00.000Z,5.7,32.56,14,9.63,19.79,6.635,530
2020-07-17T00:00:00.000Z,3.7,13.91,7.62,6.29,8.69,1.877,558
2020-07-18T00:00:00.000Z,4.05,19.77,9.21,6.74,11.4,2.938,562
2020-07-19T00:00:00.000Z,3.39,22.52,9.43,6.83,11.75,3.783,573
2020-07-20T00:00:00.000Z,3.83,22.05,11.33,8.36,13.29,3.451,541
2020-07-21T00:00:00.000Z,5.42,37.04,12.59,10,19.98,7.113,532
2020-07-22T00:00:00.000Z,7.23,25.93,12.43,10.21,15.12,3.57,311
2020-07-23T00:00:00.000Z,2.62,46.85,7.96,6.32,10.32,6.162,513
2020-07-24T00:00:00.000Z,4.78,41.93,14.1,9.22,26.47,10.439,540
2020-07-25T00:00:00.000Z,5.78,36.15,15.82,8.98,23.62,8.538,543
2020-07-26T00:00:00.000Z,4.38,25.24,11.58,9.53,14.91,3.963,508
2020-07-27T00:00:00.000Z,7.8,39.28,17.6,13.7,24.84,7.824,403
2020-07-28T00:00:00.000Z,10.7,32.4,17.19,15.4,19.19,4.512,196
2020-07-29T00:00:00.000Z,8.75,43.4,25.24,12.9,35.77,11.118,485
2020-07-30T00:00:00.000Z,17.2,49.65,28.46,24.6,31.99,5.871,445
2020-07-31T00:00:00.000Z,13.41,51.82,39.19,22.96,42.76,11.793,463
2020-08-01T00:00:00.000Z,23.98,57.64,34.86,30.55,43.2,6.979,491
2020-08-02T00:00:00.000Z,25.56,57.07,38.13,33.33,42.55,6.773,464
2020-08-03T00:00:00.000Z,10.64,51.79,36.97,26.11,39.54,9.347,422
2020-08-04T00:00:00.000Z,18.53,44.96,29.75,24.25,35.07,7.118,506
2020-08-05T00:00:00.000Z,14.58,56.68,27.78,25.09,32.09,6.336,563
2020-08-06T00:00:00.000Z,8.65,41.37,23.25,19.1,31.04,7.791,588
2020-08-07T00:00:00.000Z,12.88,48.6,25.08,21.91,27.41,5.643,609
2020-08-08T00:00:00.000Z,8.77,39.31,27.34,20.01,35.69,8.275,617
2020-08-09T00:00:00.000Z,21.73,51.38,34.25,31.04,39.14,6.195,628
2020-08-10T00:00:00.000Z,19.78,60.96,39.11,35.42,42.34,7.293,601
2020-08-11T00:00:00.000Z,15.16,49.29,35.07,26.81,44.59,10.033,616
2020-08-12T00:00:00.000Z,6.98,54.7,38.6,13.24,43.54,15.693,617
2020-08-13T00:00:00.000Z,9.63,41.57,17.7,15.08,27.33,7.768,532
2020-08-14T00:00:00.000Z,10.13,34.18,16.32,14.28,19.88,4.466,637
2020-08-15T00:00:00.000Z,10.69,63.51,25.94,15.08,31.61,8.685,604
2020-08-16T00:00:00.000Z,6.64,55.57,17.3,14.04,21.51,5.372,628
2020-08-17T00:00:00.000Z,14.07,56.7,21.66,18.77,29.82,9.606,615
2020-08-18T00:00:00.000Z,21.17,68.33,36.72,27.36,43.8,9.765,543
2020-08-19T00:00:00.000Z,7.58,62.48,31.23,15.33,45.25,16.006,588
2020-08-20T00:00:00.000Z,11.62,39.31,18.13,16.3,20.53,4.086,559
2020-08-21T00:00:00.000Z,13.36,51.65,21.1,17.86,24.81,7.306,286
2020-08-22T00:00:00.000Z,42.48,73.66,53.56,51.69,58.17,6.639,510
2020-08-23T00:00:00.000Z,37.77,80.56,45.31,42.24,52.12,9.17,544
2020-08-24T00:00:00.000Z,36.74,50.34,42.14,40.27,45.43,2.907,485
2020-08-25T00:00:00.000Z,46.53,71.67,51.13,49.29,53.04,4.879,478
2020-08-26T00:00:00.000Z,30.42,54.73,44.67,41.31,49.8,5.739,515
2020-08-27T00:00:00.000Z,16.05,58.34,29.08,24.93,34.77,7.472,556
2020-08-28T00:00:00.000Z,7.88,48.26,19.36,11.56,32.04,10.362,522
2020-08-29T00:00:00.000Z,9.09,90.16,28.44,22.67,32.71,8.257,520
2020-08-30T00:00:00.000Z,4.11,31.04,11.89,9.38,18.1,5.487,508
2020-08-31T00:00:00.000Z,2.68,29.69,9.28,5.61,12.87,5.788,498
2020-09-01T00:00:00.000Z,5.67,31.69,14.02,11.5,16.88,4.814,530
2020-09-02T00:00:00.000Z,12.61,33.52,17.04,15.46,18.72,3.065,505
2020-09-03T00:00:00.000Z,15.44,38.36,23.06,19.8,30.72,6.43,492
2020-09-04T00:00:00.000Z,14.68,45.37,27.56,20.17,38.33,8.922,497
2020-09-05T00:00:00.000Z,16.18,46.74,22.98,20.53,27.07,4.859,494
2020-09-06T00:00:00.000Z,21.94,106.55,35.96,31.99,44.2,11.721,500
2020-09-07T00:00:00.000Z,33.7,75.73,45.49,43.02,47.57,8.096,232
2020-09-08T00:00:00.000Z,31.52,74.59,42.7,39.75,47.33,8.005,392
2020-09-09T00:00:00.000Z,22.51,142.88,54.49,41.17,58.76,20.738,312
2020-09-10T00:00:00.000Z,15.93,53.14,33.07,26.64,37.9,7.595,396
2020-09-11T00:00:00.000Z,16.67,37.75,26.39,22.37,31.48,4.973,332
2020-09-12T00:00:00.000Z,10.66,32.5,20.39,15.67,23.33,5.572,327
2020-09-13T00:00:00.000Z,19.2,43.83,27.75,24.2,32.72,5.571,380
2020-09-14T00:00:00.000Z,23.15,44.98,32.21,30.51,35.11,3.658,344
2020-09-15T00:00:00.000Z,13.85,47.38,33.56,24.72,39.2,8.334,330
2020-09-16T00:00:00.000Z,31,49.82,36.22,34.53,40.63,4.146,439
2020-09-17T00:00:00.000Z,27.05,48.32,36.25,30.89,41.13,5.493,340
2020-09-18T00:00:00.000Z,16.93,59.11,31.68,27.5,39.02,7.732,363
2020-09-19T00:00:00.000Z,12.24,53.42,32.84,17.97,37.15,10.908,429
2020-09-20T00:00:00.000Z,11.04,45.49,27.11,16.89,31.36,7.899,424
2020-09-21T00:00:00.000Z,17.29,43.69,32.31,28.76,35.57,5.576,396
2020-09-22T00:00:00.000Z,11.71,41.83,28.04,23.66,33.14,6.322,423
2020-09-23T00:00:00.000Z,16.37,41.13,24.05,20.85,29.15,6.21,461
2020-09-24T00:00:00.000Z,14.3,41.33,25.3,21.91,29.43,4.837,457
2020-09-25T00:00:00.000Z,2.49,65.63,13,9.46,18.09,9.825,479
2020-09-26T00:00:00.000Z,0.96,30.68,12.22,10.11,13.73,3.148,501
2020-09-27T00:00:00.000Z,5.81,32.54,14.7,8.73,20.68,6.526,504
2020-09-28T00:00:00.000Z,6.96,84.28,13.59,10.11,16.35,7.237,459
2020-09-29T00:00:00.000Z,7.71,30.52,17.26,13.34,19.51,3.831,433
2020-09-30T00:00:00.000Z,10.98,34.71,20.18,17.29,22.17,4.346,395
2020-10-01T00:00:00.000Z,10.21,34.69,13.69,12.32,18.3,5.046,309
2020-10-02T00:00:00.000Z,9.28,25.26,16.45,13.4,19.35,3.719,286
2020-10-03T00:00:00.000Z,9.39,43.22,18.07,14.88,22.41,5.547,283
2020-10-04T00:00:00.000Z,8.97,42.3,27.54,23.94,31.92,6.876,301
2020-10-05T00:00:00.000Z,12.35,30.91,17.63,15.03,20.23,4.131,305
2020-10-06T00:00:00.000Z,4.76,34.61,15.12,13.66,19.69,4.84,341
2020-10-07T00:00:00.000Z,12.14,57.96,19.93,17.18,21.83,3.907,324
2020-10-08T00:00:00.000Z,14.86,59.46,22.03,20.58,23.22,4.369,262
2020-10-09T00:00:00.000Z,9.89,39.61,30.11,24.91,33.42,6.415,133
2020-10-10T00:00:00.000Z,4.61,32.95,18.64,16.45,21.83,5.252,404
2020-10-11T00:00:00.000Z,10.78,33.6,17.32,13.8,21.7,5.515,413
2020-10-12T00:00:00.000Z,16.82,43.39,27.88,24.14,32.54,5.688,379
2020-10-13T00:00:00.000Z,24.02,46.49,36.22,34.53,37.85,3.54,408
2020-10-14T00:00:00.000Z,11.84,49.84,37.68,31.28,44.19,8.245,415
2020-10-15T00:00:00.000Z,5.52,29.72,22.16,18.02,24.75,5.285,395
2020-10-16T00:00:00.000Z,10.78,38.81,23.83,21.09,28.34,5.36,414
2020-10-17T00:00:00.000Z,24.57,65.11,38.44,34.46,43.52,6.473,420
2020-10-18T00:00:00.000Z,22.26,43.72,29.5,25.86,35.96,5.859,411
2020-10-19T00:00:00.000Z,3.88,39,25.99,21.28,29.68,6.476,410
2020-10-20T00:00:00.000Z,10.27,37.61,29.08,21.59,31.29,6.545,405
2020-10-21T00:00:00.000Z,13.59,40.38,27.81,24.05,34.78,6.549,392
2020-10-22T00:00:00.000Z,15.85,41.56,28.98,23.92,32.42,5.266,403
2020-10-23T00:00:00.000Z,8.61,42.34,26.76,24.32,29.17,4.67,360
2020-10-24T00:00:00.000Z,10.19,42.4,19.63,17.23,22.38,3.978,391
2020-10-25T00:00:00.000Z,12.49,28.7,20.04,17.04,22.43,3.302,499
2020-10-26T00:00:00.000Z,6.73,21.48,10.22,8.66,13.22,3.524,290
2020-11-11T00:00:00.000Z,14.79,35.44,33.29,28.39,34.22,5.599,38
2020-11-12T00:00:00.000Z,11.47,38.29,20.19,18.11,25.37,5.743,294
2020-11-13T00:00:00.000Z,5.58,31,12.57,9.18,16.46,5.363,275
2020-11-14T00:00:00.000Z,11.25,36.57,18.07,15.96,19.78,2.963,298
2020-11-15T00:00:00.000Z,4.54,24.7,11.48,8.47,14.41,3.897,249
2020-11-16T00:00:00.000Z,5.25,62.08,11.8,10.57,14.7,6.818,246
2020-11-17T00:00:00.000Z,4.88,37.32,15.05,12.87,18.55,4.828,240
2020-11-20T00:00:00.000Z,8.91,19.22,10.61,9.76,12.84,2.579,37
2020-11-21T00:00:00.000Z,0.22,24.86,5.09,3.58,6.52,4.187,269
2020-11-22T00:00:00.000Z,0.79,9.21,3.53,2.41,5.01,1.997,260
2020-11-23T00:00:00.000Z,2.62,12.67,6.5,4.8,8.66,2.39,165
2020-11-24T00:00:00.000Z,0.48,11,3.93,2.11,6.02,2.316,274
2020-11-25T00:00:00.000Z,1.23,20.98,5.59,2.76,8.03,3.995,246
2020-11-26T00:00:00.000Z,2.06,15.02,6.39,4.62,8.42,2.633,267
2020-11-27T00:00:00.000Z,3.77,32.57,6.44,5.22,8.18,3.112,264
2020-11-28T00:00:00.000Z,4.92,39.15,10.5,8.41,17.59,5.79,262
2020-11-29T00:00:00.000Z,4.18,46.42,26.8,18.98,38.86,12.073,273
2020-11-30T00:00:00.000Z,2,115.11,7.91,6.19,11.96,9.774,238
2020-12-01T00:00:00.000Z,4.32,25.56,8.28,6.65,10.27,3.083,217
2020-12-02T00:00:00.000Z,4.91,36.49,10.41,8.25,16.21,6.496,239
2020-12-03T00:00:00.000Z,5.36,22.88,13.47,10.64,15.72,3.583,203
2020-12-04T00:00:00.000Z,4.34,40.27,14.79,11.76,17.3,5.867,243
2020-12-05T00:00:00.000Z,11.77,40.6,24.67,18.64,30.1,6.689,244
2020-12-06T00:00:00.000Z,5.8,36.45,24.23,16.79,26.4,7.888,306
2020-12-07T00:00:00.000Z,0,17.11,5.31,2.77,6.98,2.804,244
2020-12-08T00:00:00.000Z,3.04,29.89,12.02,9.57,14.4,4.053,236
2021-04-14T00:00:00.000Z,1.4,3.4,2,1.6,2.4,0.613,7
2021-04-15T00:00:00.000Z,1.4,18.7,4.2,3.1,5.3,2.228,371
2021-04-16T00:00:00.000Z,1.6,12.3,5.2,3.7,6.6,1.991,370
2021-04-17T00:00:00.000Z,0.2,14,3.1,2.2,6.7,3.025,373
2021-04-18T00:00:00.000Z,0,12.2,2.5,1.95,5.95,2.898,228
2021-04-19T00:00:00.000Z,2.5,9.8,5.4,4.4,6.6,1.492,151
2021-04-20T00:00:00.000Z,0.5,35,4.05,2.8,8.05,4.776,360
2021-04-21T00:00:00.000Z,0.7,16.5,2.7,2,4.2,2.265,370
2021-04-22T00:00:00.000Z,1.2,12.7,3.9,3,6.3,2.528,347
2021-04-23T00:00:00.000Z,0.2,8,3.1,2.1,3.7,1.293,358
2021-04-24T00:00:00.000Z,1,10.6,3.1,2.4,5.09,1.797,365
2021-04-25T00:00:00.000Z,0.4,75.8,4.09,1.6,8.1,7.83,380
2021-04-26T00:00:00.000Z,0.3,49.8,2.6,1.6,7,6.231,371
2021-04-27T00:00:00.000Z,0.3,16.1,3.5,2.15,6,3.218,397
2021-04-28T00:00:00.000Z,0.2,13.1,4,2.4,5.6,2.584,379
2021-04-29T00:00:00.000Z,0,22.7,4.6,3.2,7,4.654,323
2021-04-30T00:00:00.000Z,0.4,86.3,4.7,2.8,7.45,6.032,381
2021-05-01T00:00:00.000Z,2.2,25.6,4.9,3.9,7.45,3.058,381
2021-05-02T00:00:00.000Z,0.5,26.8,4.7,2.8,7.75,4.069,369
2021-05-03T00:00:00.000Z,0.1,14.1,2.7,1.9,3.9,2.463,356
2021-05-04T00:00:00.000Z,0.6,32.4,3.4,2.3,7.15,6.657,369
2021-05-05T00:00:00.000Z,0.3,22.1,3.7,2.5,10.3,5.178,372
2021-05-06T00:00:00.000Z,0.1,23.4,3.5,2.6,4.59,2.924,341
2021-05-07T00:00:00.000Z,0.7,31.1,6.6,5,9.6,5.462,370
2021-05-08T00:00:00.000Z,0.3,960.6,2.2,1.2,3.5,50.904,359
2021-05-09T00:00:00.000Z,0,19.4,3.3,1.7,4.5,2.75,360
2021-05-10T00:00:00.000Z,0,6.8,1.9,0.75,3.2,1.536,345
2021-05-11T00:00:00.000Z,0.8,13.6,4.9,2.5,6.7,2.564,355
2021-05-12T00:00:00.000Z,0.5,20.1,4.8,2.65,8.5,4.147,372
2021-05-13T00:00:00.000Z,2.4,13.2,5.2,4.4,6.4,1.853,351
2021-05-14T00:00:00.000Z,3,40.9,11.7,7.8,14,4.709,373
2021-05-15T00:00:00.000Z,3.5,25.5,6.2,5.09,8.6,3.9,366
2021-05-16T00:00:00.000Z,2.2,23.5,5.5,4.2,6.6,4.588,385
2021-05-17T00:00:00.000Z,0.9,14.5,4.7,3.2,6.1,2.164,346
2021-05-18T00:00:00.000Z,1.7,22.9,7.2,2.65,12.2,5.957,57
2021-05-19T00:00:00.000Z,0.7,1.8,1.1,0.9,1.55,0.352,17
2021-05-20T00:00:00.000Z,0.3,23.7,2.9,1.7,5.09,2.995,383
2021-05-21T00:00:00.000Z,3.6,24.1,9.7,7.45,13.3,4.163,377
2021-05-22T00:00:00.000Z,1.2,23.5,5,4.2,5.7,3.224,353
2021-05-23T00:00:00.000Z,2.6,11.9,5.4,4.5,6.4,1.552,364
2021-05-24T00:00:00.000Z,4.4,16.9,7.3,6.4,8.6,2.134,380
2021-05-25T00:00:00.000Z,2.9,23.3,6.4,5.1,8.3,4.841,396
2021-05-26T00:00:00.000Z,4.5,23,8.4,6.6,10.1,2.985,380
2021-05-27T00:00:00.000Z,4.8,36.3,11,8.4,13.1,6.938,360
2021-05-28T00:00:00.000Z,2.7,48.5,9.25,4.9,16.55,7.53,384
2021-05-29T00:00:00.000Z,7.5,29.4,12.6,10.1,16.2,4.277,373
2021-05-30T00:00:00.000Z,4.3,22.2,7.4,6.1,9.6,3.267,373
2021-05-31T00:00:00.000Z,6.1,43.2,11.9,10.1,14.75,6.031,376
2021-06-01T00:00:00.000Z,5.8,37.2,14.8,8.9,19.6,9.082,387
2021-06-02T00:00:00.000Z,4,30.4,9.9,7.9,12.5,5.557,384
2021-06-03T00:00:00.000Z,4.3,38.5,13.75,10.6,26.55,9.521,380
2021-06-04T00:00:00.000Z,4.1,17.4,6.5,5.7,8.25,2.166,381
2021-06-05T00:00:00.000Z,1.7,18.8,4.8,4,7.3,2.168,383
2021-06-06T00:00:00.000Z,3.6,18.1,5.55,4.8,9.19,3.928,382
2021-06-07T00:00:00.000Z,5.2,75.1,7.5,6.7,8.9,4.493,446
2021-06-08T00:00:00.000Z,0.5,47.8,4.7,2.75,8.85,5.717,425
2021-06-09T00:00:00.000Z,3.9,45.4,7.8,5.9,12,4.758,422
2021-06-10T00:00:00.000Z,2.5,19.4,4.6,3.7,6.2,2.651,391
2021-06-11T00:00:00.000Z,1.9,22.1,7.3,3.9,11.5,4.54,513
2021-06-12T00:00:00.000Z,3.5,39.3,6.9,5.7,10.85,7.177,576
2021-06-13T00:00:00.000Z,6.4,35,13.5,10.6,22.6,7.927,582
2021-06-14T00:00:00.000Z,3.1,17.5,7.6,6.3,9,2.045,584
2021-06-15T00:00:00.000Z,3.3,17.7,5.5,4.59,6.3,1.569,562
2021-06-16T00:00:00.000Z,0.8,17,4,3,7.3,3.4,571
2021-06-17T00:00:00.000Z,1.1,22.5,5,3.05,7.9,3.723,521
2021-06-18T00:00:00.000Z,4.5,18.3,10.6,8.19,13.6,3.339,563
2021-06-19T00:00:00.000Z,2.4,29.3,12.5,6.9,18.4,7.312,586
2021-06-20T00:00:00.000Z,3.2,12.3,6,4.9,7,1.654,554
2021-06-21T00:00:00.000Z,3.6,18.9,6,4.9,7.8,2.803,568
2021-06-22T00:00:00.000Z,4.6,27.7,7.8,6.75,11.35,3.792,569
2021-06-23T00:00:00.000Z,3.1,20.6,7.9,6.6,11.6,4.062,343
2021-06-24T00:00:00.000Z,3.8,21.3,6.9,5.8,8.75,2.995,580
2021-06-25T00:00:00.000Z,4.1,49,15.8,6.9,25,10.017,556
2021-06-26T00:00:00.000Z,4.7,29.9,11.6,7.8,18.89,6.473,403
2021-06-27T00:00:00.000Z,4.3,20.3,7.4,6.4,9.19,2.979,577
2021-06-28T00:00:00.000Z,1.3,29.5,11.7,8.19,14.4,4.828,563
2021-06-29T00:00:00.000Z,2.5,30.2,8,6.3,12.9,6.231,565
2021-06-30T00:00:00.000Z,4.1,23.2,7.6,6,10.7,3.185,563
2021-07-01T00:00:00.000Z,3.5,12.8,5.85,5.2,8.69,2.249,544
2021-07-02T00:00:00.000Z,6.8,28.8,10.8,8.9,12.5,3.535,567
2021-07-03T00:00:00.000Z,2.6,32.9,12.2,6.55,19.3,6.839,577
2021-07-04T00:00:00.000Z,1.5,15.6,6.3,4.4,7.95,3.195,572
2021-07-05T00:00:00.000Z,2.7,27.7,11.2,7.8,14.6,4.414,570
2021-07-06T00:00:00.000Z,2,35.9,11.75,9.2,22.6,8.003,574
2021-07-07T00:00:00.000Z,4.1,20.4,8.19,6.3,11,2.92,573
2021-07-08T00:00:00.000Z,0.6,29.1,6.2,4.6,7.9,6.446,526
2021-07-09T00:00:00.000Z,5,32.3,9.65,7.3,12.8,6.595,488
2021-07-13T00:00:00.000Z,3.6,15.6,6.1,5.2,7.9,2.575,198
2021-07-14T00:00:00.000Z,4.2,34.5,10.9,8,14.05,5.587,572
2021-07-15T00:00:00.000Z,3.5,29,11.9,8.9,15.6,6.025,550
2021-07-16T00:00:00.000Z,2.1,15.4,6.1,4,8.4,2.818,537
2021-07-26T00:00:00.000Z,6.7,13.5,9.6,8.6,10.5,1.493,107
2021-07-27T00:00:00.000Z,3.8,39.6,13,9.5,23.7,9.356,544
2021-07-28T00:00:00.000Z,3.4,16.7,9.5,6.6,12.7,3.592,540
2021-07-29T00:00:00.000Z,4.6,23.4,6.8,5.9,10.15,3.925,496
2021-07-30T00:00:00.000Z,4.1,48.9,11.4,7.2,42.65,16.372,464
2021-08-03T00:00:00.000Z,4.8,11.3,6,5.6,6.5,1.179,46
2021-08-04T00:00:00.000Z,0.2,35.4,6.7,5.35,8.9,7.862,337
2021-08-05T00:00:00.000Z,3.5,38.1,18.2,15.7,22.45,6.966,513
2021-08-06T00:00:00.000Z,3.6,38.3,17.5,7,23.9,8.402,493
2021-08-07T00:00:00.000Z,13,42.1,21,19,25.2,5.54,521
2021-08-08T00:00:00.000Z,11.9,41.8,23.2,16,30.6,8.514,517
2021-08-09T00:00:00.000Z,10.8,32.9,18.85,14.6,21.1,5.038,376
2021-08-10T00:00:00.000Z,5.2,35.2,12.05,9.69,21.65,7.599,488
2021-08-11T00:00:00.000Z,7.4,40,28.1,23.5,35.85,7.631,428
2021-08-12T00:00:00.000Z,14,49.5,28.5,18.2,35,9.384,418
2021-08-13T00:00:00.000Z,8.8,75.6,28.3,21.7,50.2,15.815,518
2021-08-14T00:00:00.000Z,2.3,34.7,18.2,8.44,25.55,9.605,500
2021-08-15T00:00:00.000Z,3,39.6,12.2,5.7,21.9,9.035,512
2021-08-16T00:00:00.000Z,4.4,29.5,10.1,7.6,14.65,5.601,357
2021-08-17T00:00:00.000Z,6.4,31.6,11.6,10.19,14.1,4.58,517
2021-08-18T00:00:00.000Z,10.3,35.4,18.3,14.7,21.3,4.995,347
2021-08-19T00:00:00.000Z,17.1,43.5,26.8,23.3,30.3,5.319,455
2021-08-20T00:00:00.000Z,9.7,43.9,19.3,11.75,29.35,9.725,381
2021-08-21T00:00:00.000Z,18.3,38,26.7,24.8,29,3.491,547
2021-08-22T00:00:00.000Z,15.6,42.6,31.5,24.4,37.45,7.494,512
2021-08-23T00:00:00.000Z,10.5,39,29.8,23.3,31.6,7.66,262
2021-08-24T00:00:00.000Z,9.9,28.9,16.3,14.5,19.8,4.782,442
2021-08-25T00:00:00.000Z,6.4,29.9,14.8,12.2,17.5,3.881,326
2021-08-26T00:00:00.000Z,4.9,28.4,13,9.5,16.55,5.091,377
2021-08-27T00:00:00.000Z,4,39.6,9.8,7.3,19.1,7.401,513
2021-08-28T00:00:00.000Z,4,32.9,18.7,12.95,23.45,6.838,484
2021-08-29T00:00:00.000Z,8.4,30.6,15.5,11.5,18.5,4.89,495
2021-08-30T00:00:00.000Z,0.6,26.4,5.4,3.7,11.65,5.728,481
2021-08-31T00:00:00.000Z,2.6,18.8,9.6,7.4,11.1,2.972,486
2021-09-01T00:00:00.000Z,4.3,21,8.4,6.9,10.9,2.975,506
2021-09-02T00:00:00.000Z,3.3,28.1,9,6.5,11.1,3.526,493
2021-09-03T00:00:00.000Z,5.9,37.8,16.4,11.2,28.1,9.331,519
2021-09-04T00:00:00.000Z,1.3,21.4,7.4,3.4,10.19,4.264,500
2021-09-05T00:00:00.000Z,3,32.4,12.2,8.4,18,6.363,436
2021-09-06T00:00:00.000Z,3.5,43.5,9.5,7.3,11.4,4.795,459
2021-09-07T00:00:00.000Z,9.9,34.4,14.3,12,16.2,3.36,467
2021-09-08T00:00:00.000Z,7.5,36.2,14.9,11.9,27.6,8.093,547
2021-09-09T00:00:00.000Z,4.6,28.3,9.8,8,13.8,3.946,557
2021-09-10T00:00:00.000Z,6.2,27.8,11,9.8,13.4,3.65,594
2021-09-11T00:00:00.000Z,10.3,34.7,17.1,14.4,19.8,4.659,616
2021-09-12T00:00:00.000Z,7.3,38,13.15,11.1,18.3,7.527,606
2021-09-13T00:00:00.000Z,9,43.2,19.1,15.75,22.4,6.623,409
2021-09-14T00:00:00.000Z,8,40.1,11.8,10.7,13.35,5.732,480
2021-09-15T00:00:00.000Z,11.8,44.8,24.8,20.1,29.7,7.213,391
2021-09-16T00:00:00.000Z,7.5,45.4,23.15,18.39,32.1,9.183,568
2021-09-17T00:00:00.000Z,6.8,55.5,16.2,13.8,19.5,5.934,590
2021-09-18T00:00:00.000Z,5.1,31.3,14.4,12.6,17.3,4.183,600
2021-09-19T00:00:00.000Z,6.5,26.1,14.7,12.7,18.2,3.909,331
2021-09-20T00:00:00.000Z,14.4,16.5,16.3,14.4,16.5,0.946,3
2021-09-21T00:00:00.000Z,18.9,27.1,21.6,20.14,22.3,1.89,17
2021-09-22T00:00:00.000Z,30.5,31.2,30.85,30.5,31.2,0.35,2
2021-09-23T00:00:00.000Z,15.9,23.1,19.5,15.9,23.1,3.6,2
2021-09-24T00:00:00.000Z,12.4,22.3,16.3,15.1,17.5,2.095,138
2021-09-27T00:00:00.000Z,17.3,18.1,17.7,17.3,18.1,0.4,2
2021-10-01T00:00:00.000Z,12.5,17.7,15.3,13.8,16.8,1.582,11
2021-10-02T00:00:00.000Z,15.3,23.1,19.25,18,22.4,2.683,6
2021-10-03T00:00:00.000Z,7.8,13.3,10.8,9.3,11.7,1.465,33
2021-10-04T00:00:00.000Z,13.2,22.7,17.3,15.9,18.89,2.007,103
2021-10-05T00:00:00.000Z,12.8,32.7,21,16.39,23.6,4.576,560
2021-10-06T00:00:00.000Z,13.1,46.7,20.2,17.89,22.4,5.595,438
2021-10-07T00:00:00.000Z,22.3,67.1,44.2,40.7,47.4,7.529,295
2021-10-08T00:00:00.000Z,12.7,38,21.4,16.75,31.2,8.193,328
2021-10-09T00:00:00.000Z,11.2,26.5,17.7,14.35,23.05,4.416,556
2021-10-10T00:00:00.000Z,13.3,32.3,22.5,19.25,25.9,4.411,596
2021-10-11T00:00:00.000Z,12.5,364.4,18.1,16.5,21.9,15.948,587
2021-10-12T00:00:00.000Z,8.3,30.3,15.1,12,17,4.766,594
2021-10-13T00:00:00.000Z,4.9,41.5,19.2,13.1,30,9.454,529
2021-10-14T00:00:00.000Z,9.6,36.6,20.9,18.39,25.15,4.938,540
2021-10-15T00:00:00.000Z,16.4,39.8,31,26.95,34.85,5.826,497
2021-10-16T00:00:00.000Z,20.7,39.8,29.3,25.35,33.2,4.632,593
2021-10-17T00:00:00.000Z,3,52.8,39.25,15.7,42.1,13.994,584
2021-10-18T00:00:00.000Z,7.4,24.1,13.1,11.5,14.6,2.343,559
2021-10-19T00:00:00.000Z,12.2,31.5,19.7,17.9,21.9,3.307,598
2021-10-20T00:00:00.000Z,13.2,43.7,24.7,17,33.6,8.745,585
2021-10-21T00:00:00.000Z,0.7,31.4,17,5,23.4,9.338,422
2021-10-22T00:00:00.000Z,1.2,9.1,3.4,2.9,4.5,1.403,551
2021-10-23T00:00:00.000Z,0,26.5,7.45,5.1,10.3,5.52,574
2021-10-24T00:00:00.000Z,4.7,27.3,8.4,7.2,13.05,6.167,533
2021-10-25T00:00:00.000Z,2.9,15,6.1,5.4,6.9,1.314,546
2021-10-26T00:00:00.000Z,0,28.8,3.6,2.1,5.8,3.83,548
2021-10-27T00:00:00.000Z,0.6,26.2,6.8,4.7,11.8,5.396,561
2021-10-29T00:00:00.000Z,5.4,34.1,9.19,8.2,10.1,2.2,267
2021-10-30T00:00:00.000Z,8.3,20.4,12.25,10.6,15.3,2.818,316
2021-11-03T00:00:00.000Z,2,9.1,4.9,4.2,5.7,1.263,178
2021-11-04T00:00:00.000Z,3.1,19.5,6.9,4.6,11.25,3.766,561
2021-11-05T00:00:00.000Z,3.5,45.4,8.5,6.5,14.25,8.86,552
2021-11-06T00:00:00.000Z,1.8,32.5,18.6,16.3,22.15,5.494,424
2021-11-08T00:00:00.000Z,1.7,15.8,7.2,6,9.15,2.426,213
2021-11-09T00:00:00.000Z,1.9,18.1,8.5,6.05,10.8,3.606,569
2021-11-10T00:00:00.000Z,2.5,12.1,5.6,3.8,7,2.229,415
2021-11-11T00:00:00.000Z,4.1,19.3,8.5,6.6,10.8,2.825,512
2021-11-12T00:00:00.000Z,1.2,31.3,3.6,2.8,5.4,5.55,547
2021-11-13T00:00:00.000Z,3.5,36.3,8.2,5.6,23.2,8.999,562
2021-11-14T00:00:00.000Z,4.7,18.2,11,9.5,12.7,2.564,573
2021-11-15T00:00:00.000Z,6.1,19.2,12.2,10.9,16.1,3.251,184
2021-11-16T00:00:00.000Z,4.7,17.1,11.85,9.7,13.3,2.63,210
2021-11-17T00:00:00.000Z,2.3,17.9,7.3,6.4,8.3,2.093,379
2021-11-18T00:00:00.000Z,1.1,17.1,4.2,3,5.95,2.846,517
2021-11-19T00:00:00.000Z,2.2,26.1,6.8,5.5,8.9,3.408,525
2021-11-20T00:00:00.000Z,0,13.8,4.09,1.6,6.1,3.048,544
2021-11-21T00:00:00.000Z,0.1,20.7,4.09,1.4,5.55,3.48,557
2021-11-22T00:00:00.000Z,2.7,17.8,5.5,4.59,7.4,3.119,378
2021-11-23T00:00:00.000Z,2,32.4,5.15,3.8,8.2,3.452,550
2021-11-24T00:00:00.000Z,5.9,28.9,15.8,8.69,21.4,6.421,562
2021-11-25T00:00:00.000Z,6.5,38.5,16.05,11.1,23.6,7.301,550
2021-11-26T00:00:00.000Z,5.4,25.3,11.7,9.65,14.1,4.306,512
2021-11-27T00:00:00.000Z,5.8,32.5,11.9,9.19,15.3,5.266,585
2021-11-28T00:00:00.000Z,2.6,27.5,11.2,8.69,15.1,4.437,565
2021-11-29T00:00:00.000Z,2,11.9,4.9,3.8,8.05,2.625,368
2021-11-30T00:00:00.000Z,3.7,20,8.5,6.2,11.1,3.431,499
2021-12-01T00:00:00.000Z,5.4,24.5,14.1,11.7,17.2,3.898,471
2021-12-02T00:00:00.000Z,0.7,11.6,4.4,3.2,6,2.166,507
2021-12-03T00:00:00.000Z,1.5,8.1,3.3,2.2,4.59,1.535,237
2021-12-04T00:00:00.000Z,2.2,26.2,8.6,5.4,13.2,4.572,508
2021-12-05T00:00:00.000Z,1.8,15.7,7.2,3.2,11.1,3.993,542
2021-12-06T00:00:00.000Z,2.1,15.1,4.7,3.6,6.3,2.404,461
2021-12-07T00:00:00.000Z,0,9,2.1,1,3.6,1.932,506
2021-12-08T00:00:00.000Z,0.8,15.6,3.5,2.65,4.4,1.962,549
2021-12-09T00:00:00.000Z,0.7,9.7,3.3,2,4.3,1.576,543
2021-12-10T00:00:00.000Z,1,13.6,4.8,2.6,6.4,2.505,591
2021-12-11T00:00:00.000Z,2.1,39.4,6.5,4.4,8.9,3.802,493
2021-12-12T00:00:00.000Z,1,21.8,3.9,2.8,5.9,2.806,472
2021-12-13T00:00:00.000Z,0.3,15.1,4.1,1.2,5.6,2.513,569
2021-12-14T00:00:00.000Z,2.1,14.1,5.5,3.7,8,2.689,547
2021-12-15T00:00:00.000Z,4.3,32.2,9.6,7.2,12.7,4.178,591
2021-12-16T00:00:00.000Z,1.8,28.2,7.5,4.9,12.1,4.52,567
2021-12-17T00:00:00.000Z,2.6,17.1,6.4,5.2,7.8,2.689,581
2021-12-18T00:00:00.000Z,1.5,16,5.1,3.9,7.35,2.827,568
2021-12-19T00:00:00.000Z,6,20,9.6,8,11.8,2.506,592
2021-12-20T00:00:00.000Z,4.8,25.3,8.3,6.9,9.4,2.085,568
2021-12-21T00:00:00.000Z,2.6,17,6.3,4.9,8.5,2.492,566
2021-12-22T00:00:00.000Z,3.5,30.2,10.8,8.6,13.75,4.729,541
2021-12-23T00:00:00.000Z,2.5,21.5,7.4,5.5,11.5,4.499,544
2021-12-24T00:00:00.000Z,0.1,26.5,7.3,4.9,12.7,5.881,565
2021-12-25T00:00:00.000Z,1.5,73.8,6.45,4.2,22.9,16.459,550
2021-12-26T00:00:00.000Z,1.3,22.6,2.8,2.2,4.4,4.022,571
2021-12-27T00:00:00.000Z,0.4,12.1,4.4,3.2,5.4,1.98,479
2021-12-28T00:00:00.000Z,0.6,15.2,3.9,2.9,5.6,2.984,547
2021-12-29T00:00:00.000Z,0.8,13.6,3.3,2.25,4.5,2.261,560
2021-12-30T00:00:00.000Z,0.9,13.2,3.9,2.6,5.2,1.818,552
2021-12-31T00:00:00.000Z,1,11.4,3.8,2.5,5.6,2.198,559
2022-01-01T00:00:00.000Z,0,73,2.8,1.8,13.45,15.612,588
2022-01-02T00:00:00.000Z,0.7,10.9,4.4,1.8,6.8,2.751,470
2022-01-03T00:00:00.000Z,7,20.7,9,8.4,10,2.113,573
2022-01-04T00:00:00.000Z,4,24.4,9.1,6.8,11.4,3.942,589
2022-01-05T00:00:00.000Z,5.3,15.8,8.19,7.1,9.7,1.974,564
2022-01-06T00:00:00.000Z,4,46.1,9.19,6.6,16,6.583,544
2022-01-07T00:00:00.000Z,0.4,45.3,4.34,3.1,6.4,5.894,574
2022-01-08T00:00:00.000Z,0,10.2,2.2,1,3.9,2.222,526
2022-01-09T00:00:00.000Z,4.4,107.4,7.6,6.7,8.7,6.696,555
2022-01-10T00:00:00.000Z,3.1,33.5,10.1,6.7,16.55,5.958,569
2022-01-11T00:00:00.000Z,4.1,35.1,9.2,7.3,11.6,4.284,559
2022-01-12T00:00:00.000Z,5.9,34.6,9.4,7.4,12.2,3.872,571
2022-01-13T00:00:00.000Z,5.5,34.8,8.5,7.2,10.6,5.04,568
2022-01-14T00:00:00.000Z,0.4,37.4,7.9,4.3,10.9,6.32,574
2022-01-15T00:00:00.000Z,2.9,15.4,6.5,5.1,8,2.461,563
2022-01-16T00:00:00.000Z,1.4,22,4.2,3.2,6.5,2.984,578
2022-01-17T00:00:00.000Z,0.5,19.6,2.6,2.1,3.7,2.131,584
2022-01-18T00:00:00.000Z,0.1,23.8,3.1,1.1,5.9,4.354,552
2022-01-19T00:00:00.000Z,0.8,10.2,3.5,2.5,4.8,1.804,583
2022-01-20T00:00:00.000Z,1.7,13.3,4,2.8,5.5,2.268,571
2022-01-21T00:00:00.000Z,2.5,20.3,8.9,6.4,13.55,4.135,561
2022-01-22T00:00:00.000Z,3,14.6,6.6,5.8,7.6,1.554,599
2022-01-23T00:00:00.000Z,1.1,17.8,4.4,3,7.4,4.09,568
2022-01-24T00:00:00.000Z,2.2,28.2,5.7,4.5,7,2.705,583
2022-01-25T00:00:00.000Z,0.5,16.7,3.1,2.1,3.9,3.08,586
2022-01-26T00:00:00.000Z,0.2,7.7,2.5,1.7,3.7,1.456,555
2022-01-27T00:00:00.000Z,0.6,8.5,3,2,3.7,1.221,575
2022-01-28T00:00:00.000Z,0.6,10.3,3.8,2.5,6,2.079,578
2022-01-29T00:00:00.000Z,0.7,13.9,2.4,1.8,4.3,1.897,548
2022-01-30T00:00:00.000Z,0.7,26.5,3.1,2,4.3,1.887,573
2022-01-31T00:00:00.000Z,0.1,12.3,2.4,1.8,3.2,1.575,560
2022-02-01T00:00:00.000Z,4,14,7.7,6.4,10,2.314,537
2022-02-02T00:00:00.000Z,0.5,22.1,6.3,5.4,7.7,2.508,553
2022-02-03T00:00:00.000Z,2.6,14.2,7,6.1,8.3,2.171,538
2022-02-04T00:00:00.000Z,0.6,10.5,4.8,3.2,6.5,1.979,573
2022-02-05T00:00:00.000Z,0.7,10.5,3.85,2.9,5.1,2.1,524
2022-02-06T00:00:00.000Z,0,13.2,4.09,2.8,6.8,3.029,567
2022-02-07T00:00:00.000Z,0.9,13,3.9,2.8,5.2,1.853,569
2022-02-08T00:00:00.000Z,0.8,12,5,3.4,6.3,1.85,493
2022-02-09T00:00:00.000Z,0.9,11.8,2.4,1.7,4.5,1.708,437
2022-02-10T00:00:00.000Z,1.8,12.2,4.4,3.35,6.1,2.279,440
2022-02-11T00:00:00.000Z,0.2,18.3,3.2,1.7,5.6,4.441,500
2022-02-12T00:00:00.000Z,0.2,25.4,4,2.4,6,4.259,507
2022-02-13T00:00:00.000Z,0,10.2,0.9,0.3,2.9,2.355,349
2022-02-14T00:00:00.000Z,0.4,7.5,1.7,1.2,2.7,1.325,331
2022-02-15T00:00:00.000Z,0.1,17.8,2.4,0.8,7.7,4.303,520
2022-02-16T00:00:00.000Z,0,10.4,2.1,0.7,3,1.464,295
2022-02-17T00:00:00.000Z,0.6,11.8,3.1,2.5,4.05,1.574,280
2022-02-18T00:00:00.000Z,0,8.3,2.4,1.6,3.3,1.407,416
2022-02-19T00:00:00.000Z,1,6.8,2.5,1.8,3.2,1.01,199
2022-02-20T00:00:00.000Z,0.6,11,2.9,2.2,4.3,1.915,415
2022-02-21T00:00:00.000Z,1.4,18.7,3.4,2.8,4.7,2.557,241
2022-02-22T00:00:00.000Z,3.3,27.4,6.2,5.7,7.2,2.318,247
2022-02-23T00:00:00.000Z,0.6,35.8,3.6,2.1,5.05,3.044,429
2022-02-24T00:00:00.000Z,2.9,18.8,6.3,5.4,7.5,2.19,392
2022-02-25T00:00:00.000Z,1.2,13.9,5.1,3,7,2.632,574
2022-02-26T00:00:00.000Z,2,25.6,5,4,6.8,5.441,579
2022-03-07T00:00:00.000Z,0.5,5.2,2.3,1.6,3.2,1.072,158
2022-03-08T00:00:00.000Z,0,8.2,2.5,0.9,4,1.968,451
2022-03-09T00:00:00.000Z,0,20.6,3,0.9,4.84,3.877,357
2022-03-10T00:00:00.000Z,0.4,13.3,4.2,2.1,7.2,3.201,258
2022-03-11T00:00:00.000Z,1.1,13.7,7.3,4,9.1,2.97,282
2022-03-12T00:00:00.000Z,0.1,9.5,2.3,1.4,4.59,2.263,369
2022-03-13T00:00:00.000Z,0.1,8.7,2.5,1,3.9,1.766,338
2022-03-14T00:00:00.000Z,0.4,8.4,2.4,1.6,3.15,1.854,89
2022-03-15T00:00:00.000Z,0.8,14,3.35,2.4,4.4,2.172,278
2022-03-16T00:00:00.000Z,1.6,70.8,3.5,2.8,4.2,11.191,83
2022-03-17T00:00:00.000Z,0,4.4,1.4,0.5,2.2,1.04,320
2022-03-18T00:00:00.000Z,1.2,17.4,4.9,3.6,7.1,2.668,362
2022-03-19T00:00:00.000Z,0.2,10.7,2.1,1.1,3.2,1.778,561
2022-03-20T00:00:00.000Z,0.1,38.5,2.5,0.9,4.3,3.076,539
2022-03-21T00:00:00.000Z,0,10,2.8,1.2,4.3,2.533,315
2022-03-22T00:00:00.000Z,0,7.5,1.9,1,3.2,1.576,430
2022-03-23T00:00:00.000Z,0.1,13.3,2.8,1.3,5.4,2.811,321
2022-03-24T00:00:00.000Z,0.3,6.7,1.8,1,2.9,1.272,290
2022-03-25T00:00:00.000Z,0.3,11.5,2.6,1.8,4,2.341,310
2022-03-26T00:00:00.000Z,0.8,13.5,4.2,2.7,7.05,2.852,564
2022-03-27T00:00:00.000Z,0.6,10,3.1,2,5.4,1.967,222
2022-04-05T00:00:00.000Z,1.4,6.4,3,2.5,3.9,1.089,122
2022-04-06T00:00:00.000Z,0.9,10.1,5.8,4.5,7,1.824,489
2022-04-07T00:00:00.000Z,1,23.3,8.35,4.1,15.4,6.329,464
2022-04-08T00:00:00.000Z,1.5,32.4,6.8,4.1,12.7,5.045,485
2022-04-09T00:00:00.000Z,0,16,2.15,0.8,12.2,5.713,558
2022-04-10T00:00:00.000Z,0,12.9,1.5,0.8,4.3,3.401,553
2022-04-11T00:00:00.000Z,0.5,22.3,5.8,4.9,6.8,1.876,439
2022-04-12T00:00:00.000Z,0.8,11.5,3.8,2.7,5.5,2.179,397
2022-04-13T00:00:00.000Z,0.6,9.5,5.4,2.8,6.5,2.172,442
2022-04-18T00:00:00.000Z,2.1,26.2,3.6,2.9,5.15,3.603,133
2022-04-19T00:00:00.000Z,0,9.3,2.3,0.9,3.7,1.946,537
2022-04-20T00:00:00.000Z,0.5,13.3,4,2.1,7.2,3.211,527
2022-04-25T00:00:00.000Z,0.7,8.9,2.1,1.5,4.2,2.217,149
2022-04-26T00:00:00.000Z,0.7,24.1,3.6,2.6,4.6,3.68,573
2022-04-27T00:00:00.000Z,0.4,62.5,3.1,2.2,4.3,4.947,566
2022-04-28T00:00:00.000Z,1.6,20.6,5.6,3.8,8.7,3.738,539
2022-04-29T00:00:00.000Z,0.3,42.6,8.8,3.9,12.2,6.291,567
2022-04-30T00:00:00.000Z,0.5,19.5,3.5,2.7,7.5,4.581,592
2022-05-01T00:00:00.000Z,1.5,16.2,5.5,3.6,7.3,2.324,588
2022-05-02T00:00:00.000Z,1.2,13.3,5.09,2.75,6.4,2.35,528
2022-05-03T00:00:00.000Z,3.7,17.7,8.4,5.8,11.4,3.305,540
2022-05-04T00:00:00.000Z,0,28.4,5.2,2.54,7.15,4.76,540
2022-05-05T00:00:00.000Z,1.2,19.9,7.35,3.4,13.2,4.849,554
2022-05-06T00:00:00.000Z,1.3,12.5,3.6,2.9,4.9,1.788,550
2022-05-07T00:00:00.000Z,0,24.3,3.4,1,4.9,3.333,559
2022-05-08T00:00:00.000Z,0.1,13.2,2.8,1,4.8,2.71,548
2022-05-09T00:00:00.000Z,0.4,51.2,2,1.4,3,3.215,529
2022-05-10T00:00:00.000Z,0.7,29.1,4.2,2.3,10.6,4.349,535
2022-05-11T00:00:00.000Z,0.6,43.2,2.9,1.9,3.9,3.418,505
2022-05-12T00:00:00.000Z,2.9,18.7,5.9,4.5,8.7,3.028,425
2022-05-13T00:00:00.000Z,3,22.9,6,4.8,10.9,4.263,528
2022-05-14T00:00:00.000Z,1.7,21.4,5.2,3.9,6.3,3.225,568
2022-05-15T00:00:00.000Z,0.9,9.9,3.8,2.5,6,1.978,556
2022-05-16T00:00:00.000Z,0.5,10.8,3.2,2.2,5.2,2.152,506
2022-05-17T00:00:00.000Z,0,11.6,1.4,0.7,4.4,2.58,541
2022-05-18T00:00:00.000Z,1.2,16.4,7.4,4.7,8.7,2.826,567
2022-05-19T00:00:00.000Z,2,12.8,4.2,3.3,5.6,2.533,554
2022-05-20T00:00:00.000Z,2.8,15.9,6.5,4.3,8.3,2.713,539
2022-05-21T00:00:00.000Z,4.4,31.7,11.15,6.8,19.1,7.664,590
2022-05-22T00:00:00.000Z,3.4,36.9,8.1,6.7,11.6,8.352,586
2022-05-23T00:00:00.000Z,5.7,41.3,10.5,8.6,16.14,7.388,576
2022-05-24T00:00:00.000Z,3.3,31.3,6.9,5.9,8.4,5.6,570
2022-05-25T00:00:00.000Z,2.2,20.9,5.1,4,7.6,2.535,591
2022-05-26T00:00:00.000Z,2.9,21,7.9,6.6,9.4,2.978,578
2022-05-27T00:00:00.000Z,11,18.3,12.8,12,14.9,1.918,83
2022-05-28T00:00:00.000Z,2.1,16.6,4.2,3.3,6.6,2.231,459
2022-05-29T00:00:00.000Z,1.8,200.4,3.9,3.2,6,11.932,614
2022-05-30T00:00:00.000Z,1.3,16.8,6.6,4.84,9.1,3.269,621
2022-05-31T00:00:00.000Z,1.8,33.9,5.6,3.7,8.05,4.78,620
2022-06-01T00:00:00.000Z,0.6,7.8,2.7,1.7,3.9,1.56,600
2022-06-02T00:00:00.000Z,0.1,46.6,3.1,1.1,6,3.782,611
2022-06-03T00:00:00.000Z,1.6,21.3,3.7,2.9,5.2,2.716,624
2022-06-04T00:00:00.000Z,0.2,29.1,2.5,1.3,4,5.876,594
2022-06-05T00:00:00.000Z,0,10.3,1.5,0.5,5.09,2.968,591
2022-06-06T00:00:00.000Z,0.7,30.1,4,2.8,6.6,3.226,608
2022-06-07T00:00:00.000Z,0,99.2,3.3,2,6.65,6.249,584
2022-06-08T00:00:00.000Z,0.5,18.6,7.4,3.7,9.69,4.177,603
2022-06-09T00:00:00.000Z,0.7,52.6,2.7,1.9,4,4.907,600
2022-06-10T00:00:00.000Z,1.6,22.5,4.1,2.8,7.2,3.576,616
2022-06-11T00:00:00.000Z,0,11.6,3.5,2,5,2.507,439
2022-06-12T00:00:00.000Z,2,10.7,4.2,3.25,6.4,1.87,624
2022-06-13T00:00:00.000Z,0.4,11.4,2.6,1.7,3.1,1.14,594
2022-06-14T00:00:00.000Z,1.1,12.5,4.7,3.3,5.8,1.84,586
2022-06-15T00:00:00.000Z,0.4,14.3,3.2,2.4,6.2,3.184,613
2022-06-16T00:00:00.000Z,2.6,20.1,5.5,4.2,6.8,2.577,418
2022-06-17T00:00:00.000Z,2.1,48.6,5,3.4,8.5,6.641,243
2022-06-18T00:00:00.000Z,4.7,26.8,11.8,7.5,20.65,6.339,640
2022-06-19T00:00:00.000Z,2.6,27,6.1,5.5,7.6,3.243,559
2022-06-20T00:00:00.000Z,1.4,17,6.8,4,9.5,3.527,624
2022-06-21T00:00:00.000Z,1.9,23.9,6.2,4.7,8.6,3.257,605
2022-06-22T00:00:00.000Z,2.5,19.3,6.5,5.4,7.5,2.055,627
2022-06-23T00:00:00.000Z,4,40.5,11.05,7,17,9.344,618
2022-06-24T00:00:00.000Z,1.7,26.5,4.59,3.65,9,3.795,617
2022-06-25T00:00:00.000Z,3.1,27.4,6.7,4.8,10.8,5.421,619
2022-06-26T00:00:00.000Z,1.3,49.2,13.3,6.8,23.6,13.274,645
2022-06-27T00:00:00.000Z,3.3,11.7,6,5.1,6.9,1.346,619
2022-06-28T00:00:00.000Z,0.6,26.1,5.95,2.5,7.9,4.069,592
2022-06-29T00:00:00.000Z,6.2,36.6,9.19,8,11.7,4.089,629
2022-06-30T00:00:00.000Z,5.9,27.6,12.6,10.4,16.6,4.8,619
2022-07-01T00:00:00.000Z,4.4,37.1,13,9,20.8,6.792,644
2022-07-02T00:00:00.000Z,3.8,27.9,6.15,5.1,8.8,2.971,620
2022-07-03T00:00:00.000Z,1.5,1459.9,5.7,3.7,6.8,62.756,618
2022-07-04T00:00:00.000Z,0.7,10.3,4,2.9,4.95,1.54,600
2022-07-05T00:00:00.000Z,2.4,21.6,5.5,4.2,7.1,3.447,607
2022-07-06T00:00:00.000Z,4,33.8,12.6,6.1,17.64,7.547,605
2022-07-07T00:00:00.000Z,6,42.5,12.1,7.8,18.3,9.038,414
2022-07-08T00:00:00.000Z,3.6,16.7,7,5.8,8.6,2.352,608
2022-07-09T00:00:00.000Z,0.9,27.4,5,4.4,5.8,1.627,606
2022-07-10T00:00:00.000Z,2.5,32.6,5.5,4.4,9.1,7.641,603
2022-07-11T00:00:00.000Z,4.1,47.2,9.4,7.4,14.9,8.993,628
2022-07-12T00:00:00.000Z,5,33.4,8.9,7.35,11.6,5.72,613
2022-07-13T00:00:00.000Z,3.7,23.4,9,6.4,13.2,3.647,636
2022-07-14T00:00:00.000Z,4.2,29,7.5,5.85,10.1,3.979,504
2022-07-15T00:00:00.000Z,3,42.5,6.7,5.09,8.6,7.448,287
2022-07-16T00:00:00.000Z,3.5,35.5,13.15,6.05,18.14,7.414,528
2022-07-17T00:00:00.000Z,4.1,52.9,6.2,5.5,8.4,9.929,519
2022-07-18T00:00:00.000Z,5.4,22.4,9.7,8.6,11.4,2.743,311
2022-07-19T00:00:00.000Z,7.5,29.9,10.2,9.5,11.2,2.701,324
2022-07-20T00:00:00.000Z,6.5,15.5,9.8,8.8,10.7,1.31,266
2022-07-21T00:00:00.000Z,3.5,13.7,6.2,5,8.19,2.182,246
2022-07-22T00:00:00.000Z,3.8,36.7,17.6,12.65,24.15,8.698,292
2022-07-23T00:00:00.000Z,6,31.3,10.3,8.69,13.6,5.376,433
2022-07-24T00:00:00.000Z,7.1,1769.2,14.3,9.19,21.2,88.107,459
2022-07-25T00:00:00.000Z,8.5,37.7,18.2,12.4,23.95,7.497,309
2022-07-26T00:00:00.000Z,5.7,49.7,25.1,15.9,38.79,12.255,254
2022-07-27T00:00:00.000Z,7.1,34.8,13.2,9.9,18.39,6.731,261
2022-07-28T00:00:00.000Z,7,24.9,14.4,11.1,17.2,4.104,518
2022-07-29T00:00:00.000Z,5.3,39.5,14.7,13.3,19.2,5.782,605
2022-07-30T00:00:00.000Z,11,27.4,12.5,11.9,15.7,3.972,118
2022-08-01T00:00:00.000Z,4.4,13.6,6.7,5.8,7.6,1.615,231
2022-08-02T00:00:00.000Z,3.3,58.8,7,5.55,8.25,6.786,565
2022-08-03T00:00:00.000Z,4,20.8,7.45,6.3,9,3.023,630
2022-08-04T00:00:00.000Z,7.3,23.8,10.7,9.5,12.5,2.492,648
2022-08-05T00:00:00.000Z,6.3,31.8,11.7,9.3,13.9,3.454,639
2022-08-06T00:00:00.000Z,5.2,24.8,9.69,7,12.45,3.894,644
2022-08-07T00:00:00.000Z,3.7,17.4,8.3,6,10.7,3.363,644
2022-08-08T00:00:00.000Z,5.8,25.9,8,7.2,9.2,1.98,652
2022-08-09T00:00:00.000Z,9.5,31.5,14,12.25,16,2.752,617
2022-08-10T00:00:00.000Z,6.2,29.8,12.9,11.5,14.3,3.391,599
2022-08-11T00:00:00.000Z,8.9,70.3,13.95,12,18.5,6.147,646
2022-08-12T00:00:00.000Z,18.2,39.1,24.5,22.8,27.5,3.968,649
2022-08-13T00:00:00.000Z,4.5,53,32.1,21.2,40.7,11.503,655
2022-08-14T00:00:00.000Z,5.8,46.2,19,12.9,22,8.276,667
2022-08-15T00:00:00.000Z,3.8,22,9.8,8.4,13,3.652,615
2022-08-16T00:00:00.000Z,6.1,26.2,13.3,10.6,16.1,4.499,650
2022-08-17T00:00:00.000Z,7.5,26.3,12.4,10.6,14.7,2.949,615
2022-08-18T00:00:00.000Z,9.9,33.5,18,13.9,21.35,4.686,652
2022-08-19T00:00:00.000Z,19.5,44,28.7,26.6,30.3,4.992,654
2022-08-20T00:00:00.000Z,35.3,123.9,70.5,56.8,93.6,22.379,636
2022-08-21T00:00:00.000Z,21.6,57,35.5,30.8,38.4,6.342,641
2022-08-22T00:00:00.000Z,38.6,64.4,48.1,45,51.8,5.437,633
2022-08-23T00:00:00.000Z,45.2,63.7,55.1,50.8,59.5,4.944,631
2022-08-24T00:00:00.000Z,45.1,69.5,53.1,48.2,56.8,4.861,639
2022-08-25T00:00:00.000Z,14.5,59.6,45.3,39.4,47.9,8.407,615
2022-08-26T00:00:00.000Z,7.8,44,21.9,14.2,24.6,6.262,650
2022-08-27T00:00:00.000Z,6.1,29,15.7,9.1,20.8,5.996,658
2022-08-28T00:00:00.000Z,7.4,30.5,15.9,12.7,19.2,4.629,643
2022-08-29T00:00:00.000Z,7.5,37.2,18.8,13.7,22.7,6.872,651
2022-08-30T00:00:00.000Z,23.3,59.9,36.9,31.5,41.4,7.777,631
2022-08-31T00:00:00.000Z,37.6,48.7,39.6,38.9,42.9,3.058,571
2022-09-01T00:00:00.000Z,23.2,79.2,42.9,37.7,48.7,8.651,540
2022-09-02T00:00:00.000Z,32.2,47.1,38.2,36,39.9,3.122,580
2022-09-03T00:00:00.000Z,26.6,63.4,43.5,37.7,49.05,8.462,568
2022-09-04T00:00:00.000Z,36.8,53.7,44.5,42.2,48.8,3.943,603
2022-09-05T00:00:00.000Z,33,78.7,43.5,39.6,47.2,9.302,592
2022-09-06T00:00:00.000Z,9.2,49.2,37.1,32.4,43.6,10.741,608
2022-09-07T00:00:00.000Z,12.5,32.2,19.5,17.8,22.8,3.973,611
2022-09-08T00:00:00.000Z,3.1,28.5,12.5,11.2,14.2,4.011,546
2022-09-09T00:00:00.000Z,5.3,34.9,13.4,11.4,15.6,5.175,643
2022-09-10T00:00:00.000Z,8.1,24.4,15.5,13.8,17.2,3.044,583
2022-09-11T00:00:00.000Z,16.7,46,26.8,23.9,34.3,7.41,633
2022-09-12T00:00:00.000Z,9.7,43.7,27.6,16.39,34,9.326,566
2022-09-13T00:00:00.000Z,6.3,30.1,15.65,11.5,19.64,5.236,640
2022-09-14T00:00:00.000Z,12,38,20.9,17.7,23.5,5.56,619
2022-09-15T00:00:00.000Z,9,45.1,25.45,16.8,28.2,8.296,622
2022-09-16T00:00:00.000Z,21.4,39.9,31.7,29,35.2,4.03,627
2022-09-17T00:00:00.000Z,19.9,44.2,35.2,28.05,39.4,6.878,629
2022-09-18T00:00:00.000Z,5.5,33.8,18.89,15.4,25.8,6.921,627
2022-09-19T00:00:00.000Z,8.5,31.3,13.55,11.1,17.6,4.598,626
2022-09-20T00:00:00.000Z,13.5,61.3,26.7,20.8,31.75,7.072,661
2022-09-21T00:00:00.000Z,5.2,42.6,22.5,8.19,27.8,10.236,615
2022-09-22T00:00:00.000Z,12.4,40.5,21,17.2,25.6,5.624,649
2022-09-23T00:00:00.000Z,15.9,45.8,32.1,23.3,38.9,8.417,642
2022-09-24T00:00:00.000Z,10.9,61.6,37.35,19.95,41.6,12.477,624
2022-09-25T00:00:00.000Z,22.3,56.5,43.5,35.5,48.3,7.753,652
2022-09-26T00:00:00.000Z,13.9,83.4,34.2,29.6,41.4,13.34,646
2022-09-27T00:00:00.000Z,15.5,44.3,34.1,21,37.4,8.951,623
2022-09-28T00:00:00.000Z,12.3,40.2,20.4,17.7,27.3,7.789,637
2022-09-29T00:00:00.000Z,19.1,44.8,29.8,27.65,35.3,5.642,625
2022-09-30T00:00:00.000Z,22.3,90.8,42.1,36.4,47.5,11.185,633
2022-10-01T00:00:00.000Z,28.3,46.9,36.9,34.9,39.4,3.428,651
2022-10-02T00:00:00.000Z,13,31.4,19.3,16,23.3,4.091,659
2022-10-03T00:00:00.000Z,3,41.5,17.8,6,21,10.023,635
2022-10-04T00:00:00.000Z,8.4,33.8,15.9,11.5,21.9,5.746,640
2022-10-05T00:00:00.000Z,18.6,38.3,24.5,22.7,29.1,4.565,630
2022-10-06T00:00:00.000Z,11.9,38.6,25.4,19.1,31.1,7.222,640
2022-10-07T00:00:00.000Z,16.2,38.8,28.6,23.1,31.3,5.227,655
2022-10-08T00:00:00.000Z,15.2,51.8,33.2,25,35.4,6.758,637
2022-10-09T00:00:00.000Z,20.7,42.8,32.3,28.8,34,4.407,642
2022-10-10T00:00:00.000Z,19.4,55.9,39.1,30,43.7,8.803,629
2022-10-11T00:00:00.000Z,10,36.5,15.8,14.1,18.75,5.242,628
2022-10-12T00:00:00.000Z,13.5,29.7,21.6,19.1,23.7,3.145,645
2022-10-13T00:00:00.000Z,7.6,40.6,26.6,15.8,31.45,8.83,633
2022-10-14T00:00:00.000Z,10.3,30.4,20.35,17,23.5,4.738,656
2022-10-15T00:00:00.000Z,3.5,42.7,24.9,9.1,27.7,10.944,627
2022-10-16T00:00:00.000Z,4.8,24.9,15.4,12.5,18.39,4.255,640
2022-10-17T00:00:00.000Z,7.9,37.9,19.4,17.8,25,5.429,618
2022-10-18T00:00:00.000Z,12,33.1,19.4,17.8,21.3,3.948,463
2022-10-21T00:00:00.000Z,9.9,20.6,14.2,13.3,15.3,1.816,514
2022-10-26T00:00:00.000Z,13,22.9,15.1,14.2,16.64,1.943,48
2022-10-27T00:00:00.000Z,12.4,36.4,20.6,15.2,28.45,7.317,597
2022-10-28T00:00:00.000Z,10.9,40.6,29.4,18.6,31.6,7.784,648
2022-10-29T00:00:00.000Z,6.8,37.7,16.7,10.4,23.9,7.259,611
2022-10-30T00:00:00.000Z,14.7,36.9,23.8,19.9,26.4,5.084,627
2022-10-31T00:00:00.000Z,12.2,46.7,26.7,23.6,31.8,6.361,548
2022-11-01T00:00:00.000Z,4.5,43.8,27.3,22.2,31.2,7.277,499
2022-11-02T00:00:00.000Z,0,52.5,7.7,3.9,15.3,8.89,604
2022-11-03T00:00:00.000Z,1.3,17.7,3.1,2.29,5,2.454,469
2022-11-04T00:00:00.000Z,2.6,18.5,5.6,4.4,7.7,2.99,473
2022-11-05T00:00:00.000Z,7.2,32,12.8,9.85,14.65,4.729,561
2022-11-06T00:00:00.000Z,11.7,39.7,19.4,17.2,30.35,7.673,585
2022-11-07T00:00:00.000Z,4.6,37.6,14.3,11.5,16.5,5.876,629
2022-11-08T00:00:00.000Z,11.7,39.9,17.35,14.3,23.25,5.386,608
2022-11-09T00:00:00.000Z,7.8,42.5,13.2,10.4,20.5,8.263,551
2022-11-10T00:00:00.000Z,5,45,15.15,9.4,19.8,8.933,482
2022-11-11T00:00:00.000Z,1.5,18.7,4.09,3.2,5.95,3.465,476
2022-11-12T00:00:00.000Z,5.9,25.1,12.2,9.2,14.7,3.617,558
2022-11-13T00:00:00.000Z,3.7,39,12.6,8.4,20.05,9.385,596
2022-11-14T00:00:00.000Z,6.6,60,19.9,10.5,26.8,9.542,567
2022-11-15T00:00:00.000Z,10.7,38.5,19.5,17.4,24.75,5.729,592
2022-11-16T00:00:00.000Z,13,33.1,19.7,17.4,25,4.69,538
2022-11-17T00:00:00.000Z,12.8,37.4,26.3,17.2,28.1,5.803,500
2022-11-18T00:00:00.000Z,10.1,29.7,15.6,13.7,17.75,3.214,632
2022-11-19T00:00:00.000Z,14.8,41,23,20.6,25.6,3.56,650
2022-11-20T00:00:00.000Z,14.3,30.3,21.4,18.1,24.7,3.765,656
2022-11-21T00:00:00.000Z,13.7,34.7,20.3,18,24.9,5.081,606
2022-11-22T00:00:00.000Z,6,21.3,14.6,9,16,4.067,522
2022-11-23T00:00:00.000Z,3.6,17.9,9.9,7.8,12,2.709,491
2022-11-24T00:00:00.000Z,2.8,38.8,6.8,5.5,8.8,3.682,171
2022-11-25T00:00:00.000Z,5.3,58,9.1,8.3,10,3.75,294
2022-11-26T00:00:00.000Z,0.2,31.1,4.6,2.9,7.6,5.539,619
2022-11-27T00:00:00.000Z,1.9,10.2,5,3.6,6,1.624,339
2022-12-07T00:00:00.000Z,4.9,13.5,9.7,7.1,11.3,2.493,44
2022-12-08T00:00:00.000Z,3.2,25.5,11.6,9.5,13.8,3.257,591
2022-12-09T00:00:00.000Z,0.6,43,7.3,3.65,11.2,5.826,541
2022-12-10T00:00:00.000Z,5,39,11.7,10.1,14.1,5.319,571
2022-12-11T00:00:00.000Z,6.5,23.5,12.2,10.6,14.8,3.43,563
2022-12-12T00:00:00.000Z,7.9,25.8,14,12.9,15.2,2.38,344
2022-12-13T00:00:00.000Z,1.7,32.4,11.3,7.15,19.2,7.523,317
2022-12-14T00:00:00.000Z,1.9,23.7,10.1,7,12.3,3.591,474
2022-12-15T00:00:00.000Z,5,24.7,8.94,7.1,13.8,5.241,410
2022-12-16T00:00:00.000Z,2.4,23.2,12.3,9.5,13.7,3.55,342
2022-12-17T00:00:00.000Z,0.1,25.8,4.3,2,15.9,7.464,482
2022-12-18T00:00:00.000Z,1.1,17.4,3.7,3.1,4.2,1.43,537
2022-12-19T00:00:00.000Z,0,12.3,4.59,3.2,5.9,2.342,398
2022-12-20T00:00:00.000Z,1.6,21.3,3.8,2.8,4.4,1.953,145
2022-12-21T00:00:00.000Z,0,16.3,6.3,4.5,8.1,3.108,383
2022-12-22T00:00:00.000Z,1.1,13.1,4,3.2,6.15,2.223,396
2022-12-23T00:00:00.000Z,0.4,34.7,5.09,3.1,6.9,3.534,584
2022-12-24T00:00:00.000Z,3.4,16,6.4,5.4,7.05,2.421,608
2022-12-25T00:00:00.000Z,4.1,42.1,8.94,5.9,19.89,10.612,614
2022-12-26T00:00:00.000Z,0.9,26.2,7.9,5.8,10.4,4.24,608
2022-12-27T00:00:00.000Z,0.2,8.8,3.6,2.6,4.9,1.902,594
2022-12-28T00:00:00.000Z,1,48.1,3.6,2.5,5.5,2.563,630
2022-12-29T00:00:00.000Z,0,13.6,1.2,0.7,2.4,1.458,598
2022-12-30T00:00:00.000Z,0,17.2,1.6,0.8,3.5,1.979,267
2023-01-02T00:00:00.000Z,0,5,1.3,0.45,2.3,1.126,265
2023-01-03T00:00:00.000Z,0,21,1.9,1.3,2.6,1.425,596
2023-01-04T00:00:00.000Z,0.5,12.9,1.9,1.3,3,1.664,383
2023-01-05T00:00:00.000Z,0.3,17.3,2.7,1.5,3.9,1.947,609
2023-01-06T00:00:00.000Z,0,13.6,2.8,1,3.6,1.703,565
2023-01-07T00:00:00.000Z,0.3,29.8,4.3,2.45,5.2,2.543,637
2023-01-08T00:00:00.000Z,3,22.7,5.8,4.9,7.3,2.734,633
2023-01-09T00:00:00.000Z,0.6,31.1,6.2,4.65,7.2,2.981,612
2023-01-10T00:00:00.000Z,1.4,13.5,3.6,3.1,4.6,1.427,605
2023-01-11T00:00:00.000Z,0.7,27.1,5.7,4.9,7.2,2.274,619
2023-01-12T00:00:00.000Z,2.7,22.9,5.4,4.8,6.1,1.464,600
2023-01-13T00:00:00.000Z,1,20.9,3.2,2.6,4.7,2.551,535
2023-01-14T00:00:00.000Z,0,21.2,2.8,2.29,3.5,2.105,634
2023-01-15T00:00:00.000Z,0.4,20.5,3.2,2.6,4.3,2.855,639
2023-01-16T00:00:00.000Z,1.1,12.5,4.6,3.85,5.35,1.429,640
2023-01-17T00:00:00.000Z,0.2,17.6,2.9,1.7,4.45,2.28,524
2023-01-22T00:00:00.000Z,0.2,6,2.5,1.3,3.3,1.312,135
2023-01-23T00:00:00.000Z,0,20.3,4.65,2.7,7.8,3.973,586
2023-01-24T00:00:00.000Z,2,26.1,8.19,4.9,10.4,3.324,650
2023-01-25T00:00:00.000Z,3.3,33.7,7.9,6.2,9.4,2.934,634
2023-01-26T00:00:00.000Z,6,40.3,14.2,9.6,18.6,5.308,646
2023-01-27T00:00:00.000Z,3.8,20.7,7.8,6,10.1,3.285,664
2023-01-28T00:00:00.000Z,1.1,11.5,4.7,3.6,6.1,1.943,618
2023-01-29T00:00:00.000Z,0.9,25.7,3.3,2.2,4.9,2.869,631
2023-01-30T00:00:00.000Z,3.1,14.3,9.2,6.2,10.6,3.003,244
2023-02-01T00:00:00.000Z,3.4,7.4,5.4,4.6,5.8,0.986,19
2023-02-02T00:00:00.000Z,0.2,11.5,1.6,0.9,2.7,1.822,603
2023-02-03T00:00:00.000Z,0.2,11.6,2.2,1.5,3.05,2.005,621
2023-02-04T00:00:00.000Z,0.2,13.6,2,1.1,2.9,1.934,620
2023-02-05T00:00:00.000Z,0,24.6,3.2,1.5,8.9,5.385,627
2023-02-06T00:00:00.000Z,1.1,38.3,4.8,3.3,6.4,3.492,453
2023-02-10T00:00:00.000Z,2,14.8,3.4,2.9,9.5,3.978,89
2023-02-11T00:00:00.000Z,0,29.5,2.7,2,3.9,3.793,587
2023-02-12T00:00:00.000Z,0,16.4,2,1.3,4.84,3.608,481
2023-02-13T00:00:00.000Z,0.3,17.9,1.8,1.3,2.8,2.309,245
2023-02-14T00:00:00.000Z,0.6,12.6,2.6,2.1,3.7,1.454,612
2023-02-15T00:00:00.000Z,0.5,10.6,3.8,2.9,4.6,1.359,599
2023-02-16T00:00:00.000Z,0.5,12,4.1,2.45,6.2,2.708,620
2023-02-17T00:00:00.000Z,0.3,19.6,4.4,2.8,7,3.148,622
2023-02-18T00:00:00.000Z,1.2,40.2,3.8,3.2,4.7,2.212,636
2023-02-19T00:00:00.000Z,0.8,15.4,2.4,1.9,3.1,1.364,611
2023-02-20T00:00:00.000Z,0,5,1.3,0.1,2.8,1.428,322
2023-02-22T00:00:00.000Z,0.5,6.6,1.9,1.3,3.2,1.495,190
2023-02-23T00:00:00.000Z,1.5,20.8,5.2,3.8,7.5,3.724,631
2023-02-24T00:00:00.000Z,0.5,14.6,3.5,2.1,5.25,2.975,645
2023-02-25T00:00:00.000Z,0.3,14.3,2.9,1.85,4.7,2.223,625
2023-02-26T00:00:00.000Z,0,9.8,2,1.1,3.1,1.451,617
2023-02-27T00:00:00.000Z,1.6,20.9,4.3,3.4,5.6,2.056,483
2023-02-28T00:00:00.000Z,0.8,12.5,2,1.3,3.5,1.851,123
2023-03-01T00:00:00.000Z,2,34.7,5.3,4.1,8.6,3.516,629
2023-03-02T00:00:00.000Z,1.5,27.1,5,4,6.5,2.726,444
2023-03-03T00:00:00.000Z,0,6.5,2.3,1.5,3.3,1.337,227
2023-03-04T00:00:00.000Z,0.4,11,3.2,2.2,4.1,2.069,622
2023-03-05T00:00:00.000Z,0.1,16.2,3.9,2.1,6.9,3.956,627
2023-03-06T00:00:00.000Z,0,5.7,1.7,1.1,2.4,0.971,607
2023-03-07T00:00:00.000Z,1,12.1,3.7,2.8,5,1.914,596
2023-03-08T00:00:00.000Z,1,17,3.7,2.5,6.2,3.017,616
2023-03-09T00:00:00.000Z,1.4,14.9,4.4,2.6,5.8,2.044,618
2023-03-10T00:00:00.000Z,0.9,17.3,8.1,3.9,9.5,3.415,614
2023-03-11T00:00:00.000Z,0.5,19.2,4.6,3.5,7.8,3.021,627
2023-03-12T00:00:00.000Z,0.3,15.3,3.9,2.54,7.25,3.495,620
2023-03-13T00:00:00.000Z,1.3,11.3,5.4,4.1,7.6,2.495,411
2023-03-15T00:00:00.000Z,6.5,18,10,9.2,10.9,1.646,207
2023-03-16T00:00:00.000Z,2.9,24.4,9.4,6.5,12.9,4.645,626
2023-03-17T00:00:00.000Z,3,19.2,6.65,5.6,8.4,2.75,646
2023-03-18T00:00:00.000Z,0.4,25.6,3.4,2.2,7,3.406,635
2023-03-19T00:00:00.000Z,2.2,28.5,8.6,6.2,11.1,4.799,632
2023-03-20T00:00:00.000Z,0.5,24,8.8,6,14.65,5.994,616
2023-03-21T00:00:00.000Z,4.7,26.8,7.2,6.3,8.3,2.409,642
2023-03-22T00:00:00.000Z,0.7,15.7,8,7.2,9.5,2.985,614
2023-03-23T00:00:00.000Z,0.6,27.3,4.3,1.6,7,3.791,621
2023-03-24T00:00:00.000Z,3.3,29.9,6.9,5.9,9,3.454,645
2023-03-25T00:00:00.000Z,0.3,32.8,4.4,2.6,10.4,7.091,647
2023-03-26T00:00:00.000Z,0,19.5,7,3,10.1,3.757,635
2023-03-27T00:00:00.000Z,0.2,49.3,7,2.45,8.6,5.474,624
2023-03-28T00:00:00.000Z,0.1,7.1,2.35,1.2,3.5,1.393,626
2023-03-29T00:00:00.000Z,0.1,29.7,2.8,1.8,3.9,4.224,593
2023-03-30T00:00:00.000Z,0.2,15.2,2.2,1.4,3.9,2.004,622
2023-03-31T00:00:00.000Z,0,18.7,1.3,0.7,2.4,1.986,553
2023-04-01T00:00:00.000Z,0,19.4,2.5,1.6,3.85,2.806,612
2023-04-02T00:00:00.000Z,0,11.3,2.1,1,3.6,2.606,622
2023-04-03T00:00:00.000Z,1.7,25.1,5.4,4.2,6.2,2.168,611
2023-04-04T00:00:00.000Z,2.1,22.2,8,6.2,10.6,3.265,662
2023-04-05T00:00:00.000Z,0.5,23,4.9,1.9,8.4,5.632,628
2023-04-06T00:00:00.000Z,0.1,86.1,7.8,5.4,9.7,7.337,659
2023-04-07T00:00:00.000Z,5,20.4,8.1,7.4,9.1,1.761,640
2023-04-08T00:00:00.000Z,1.4,19.4,5.6,4.3,6.9,2.878,646
2023-04-09T00:00:00.000Z,0.9,14.8,3.4,2,5.1,2.334,639
2023-04-10T00:00:00.000Z,1.3,7.7,2.8,2.2,3.7,1.233,610
2023-04-11T00:00:00.000Z,0,38.9,4.1,1.1,8.3,4.282,617
2023-04-12T00:00:00.000Z,0.8,27,4.3,2.9,8.9,5.537,639
2023-04-13T00:00:00.000Z,1,23,4.7,3.5,6.2,3.429,625
2023-04-14T00:00:00.000Z,0.4,21.7,3.8,2.4,9.5,4.802,635
2023-04-15T00:00:00.000Z,0.4,10.3,2.8,1.9,4.2,1.895,628
2023-04-16T00:00:00.000Z,0.4,12.3,3.1,1.5,6.45,3.238,629
2023-04-17T00:00:00.000Z,0,16.6,1.3,0.8,4.4,2.833,611
2023-04-18T00:00:00.000Z,0.5,46.8,4.84,2.6,6.6,4.191,634
2023-04-19T00:00:00.000Z,0,18.8,2.8,1.3,4,2.38,479
2023-04-20T00:00:00.000Z,0.2,21.8,2.6,1.7,3.95,2.143,636
2023-04-21T00:00:00.000Z,0,8.8,1.8,0.9,3.4,1.647,591
2023-04-22T00:00:00.000Z,0,13.8,1.9,1,2.6,1.835,613
2023-04-23T00:00:00.000Z,0,5.7,1.6,0.5,2.2,0.98,572
2023-04-24T00:00:00.000Z,1.5,14,3.9,3,5.4,1.679,643
2023-04-25T00:00:00.000Z,0.4,16.3,3.7,2.2,6.6,3.125,623
2023-04-26T00:00:00.000Z,2.4,18.6,6.2,4.6,8,2.368,652
2023-04-27T00:00:00.000Z,2,24.9,4.5,3.2,8.8,3.927,638
2023-04-28T00:00:00.000Z,1.6,20.4,5.1,3.5,6.3,3.274,643
2023-04-29T00:00:00.000Z,1.5,29.1,5,3.7,7.25,3.97,628
2023-04-30T00:00:00.000Z,1,25.3,3.9,2.8,5.3,4.097,613
2023-05-01T00:00:00.000Z,0,24.5,2.4,1.3,3.8,3.068,611
2023-05-02T00:00:00.000Z,0,10.1,1.5,0.9,3.5,1.883,561
2023-05-03T00:00:00.000Z,0.8,20.3,5.3,3.5,7.15,3.006,609
2023-05-04T00:00:00.000Z,0,9.9,2.6,1.5,4,2.081,612
2023-05-05T00:00:00.000Z,0,14.2,4,0.9,6.2,2.923,605
2023-05-06T00:00:00.000Z,1.2,19.3,5.9,4.7,7.3,2.154,645
2023-05-07T00:00:00.000Z,1.2,15.5,4.7,3,9,3.302,625
2023-05-08T00:00:00.000Z,0.8,13.7,3.4,1.9,4.7,2.059,609
2023-05-09T00:00:00.000Z,0.4,12.3,3.6,2.3,6.1,2.517,602
2023-05-10T00:00:00.000Z,1.2,29.1,3.4,2.4,5.9,2.737,611
2023-05-11T00:00:00.000Z,0,8.4,1.75,1.3,2.6,1.407,592
2023-05-12T00:00:00.000Z,0,26.4,2,0.5,6.85,4.183,540
2023-05-13T00:00:00.000Z,2,38.2,4.59,3.4,13.5,6.422,638
2023-05-14T00:00:00.000Z,2.2,42.6,6.1,3.9,15.4,12.542,608
2023-05-15T00:00:00.000Z,1.4,10.2,3.5,2.8,4.59,1.234,617
2023-05-16T00:00:00.000Z,0.4,15.1,3.2,2.2,4.25,2.102,613
2023-05-17T00:00:00.000Z,0.2,15,3.5,1.4,5.9,2.895,610
2023-05-18T00:00:00.000Z,0.9,49.2,3,2,4.3,3.573,611
2023-05-19T00:00:00.000Z,0.5,25.2,2.6,2,3.6,2.567,604
2023-05-20T00:00:00.000Z,1.8,26.7,5.8,4,10.1,3.688,614
2023-05-21T00:00:00.000Z,2.2,24.8,4.3,3.5,5.4,2.749,627
2023-05-22T00:00:00.000Z,1,26.4,5.75,3.3,8.7,4.212,618
2023-05-23T00:00:00.000Z,1,15.6,4.9,3.7,6.7,2.488,619
2023-05-24T00:00:00.000Z,2,46.4,12,8.5,15.8,6.028,633
2023-05-25T00:00:00.000Z,2.3,24.3,5.4,4.3,9.2,5.029,634
2023-05-26T00:00:00.000Z,1.9,23.4,4.59,3.4,7.1,3.577,631
2023-05-27T00:00:00.000Z,2.6,17.7,7,4.5,9.6,3.411,624
2023-05-28T00:00:00.000Z,1.2,19.5,3.6,3,5.1,2.772,627
2023-05-29T00:00:00.000Z,1,19.1,5.4,3.1,8.2,3.765,619
2023-05-30T00:00:00.000Z,1.2,12.3,2.9,2.29,4.2,1.426,605
2023-05-31T00:00:00.000Z,0.5,13.8,3.2,2.35,4.4,1.774,621
2023-06-01T00:00:00.000Z,2.3,50.9,4.8,4,6.3,3.046,634
2023-06-02T00:00:00.000Z,1.8,40.7,4.5,3.6,7.6,3.323,623
2023-06-03T00:00:00.000Z,0.7,25.1,5.6,4.45,6.9,2.005,601
2023-06-04T00:00:00.000Z,2.2,16.8,4.7,3.8,8.3,3.2,639
2023-06-05T00:00:00.000Z,2.5,32.3,6.6,5.3,8.1,2.856,613
2023-06-06T00:00:00.000Z,2.9,34.4,5.9,4.6,7.7,5.032,617
2023-06-07T00:00:00.000Z,2.9,28.6,6.2,5.1,13.5,6.709,627
2023-06-08T00:00:00.000Z,2.7,33.9,4.6,3.9,5.6,5.885,607
2023-06-09T00:00:00.000Z,3.2,44,11.1,6.2,22.1,9.34,647
2023-06-10T00:00:00.000Z,3.1,27.6,6.9,5.5,8.8,4.201,632
2023-06-11T00:00:00.000Z,3.6,36.2,6.5,5.2,12.7,7.708,627
2023-06-12T00:00:00.000Z,4.2,23.3,8.8,7,11.3,3.215,622
2023-06-13T00:00:00.000Z,2.9,28.7,6.7,4.45,11.5,5.503,609
2023-06-14T00:00:00.000Z,0.3,16.7,3.3,2.4,4.2,2.306,599
2023-06-15T00:00:00.000Z,0,26.8,1,0.4,1.6,2.154,494
2023-06-16T00:00:00.000Z,0.8,23.3,5.4,4.2,6.7,3.432,633
2023-06-17T00:00:00.000Z,4.6,26.1,7.1,6.2,8.8,3.253,563
2023-06-18T00:00:00.000Z,0.6,18.9,5.2,3,8.7,4.687,618
2023-06-19T00:00:00.000Z,3,16.4,6.6,5.15,8.1,2.549,644
2023-06-20T00:00:00.000Z,3.1,21.6,7.3,6.2,9,3.3,623
2023-06-21T00:00:00.000Z,3.3,138.5,14.6,6.4,22.3,11.235,633
2023-06-22T00:00:00.000Z,3,62.5,9.7,6.2,12.5,9.537,644
2023-06-23T00:00:00.000Z,2.7,17.4,6.4,4.9,9.3,3.072,607
2023-06-24T00:00:00.000Z,3.2,12.6,5.6,4.7,8,2.104,626
2023-06-25T00:00:00.000Z,3.1,131.3,7.3,5.5,9.8,6.178,523
2023-06-26T00:00:00.000Z,2.7,38.4,8,6.3,9.1,2.806,643
2023-06-27T00:00:00.000Z,3.2,23.9,8.7,6.1,11,3.24,590
2023-06-28T00:00:00.000Z,3.4,25.7,9,6.9,10.5,2.444,596
2023-06-29T00:00:00.000Z,5.1,83.1,10.6,8.6,12.2,7.602,620
2023-06-30T00:00:00.000Z,8.2,56.8,15.3,13.8,17.3,12.991,210
2023-07-05T00:00:00.000Z,5.8,51.2,8,7.3,9.1,6.073,217
2023-07-06T00:00:00.000Z,5.5,30.6,8.6,7.8,9.8,2.558,618
2023-07-07T00:00:00.000Z,5.8,23.2,8.4,7.5,9.6,1.799,613
2023-07-08T00:00:00.000Z,6.4,52.5,11.2,9.6,13.8,5.559,612
2023-07-09T00:00:00.000Z,3.5,23.2,9.2,6.7,16.1,5.408,627
2023-07-10T00:00:00.000Z,2.9,37.4,11.8,8.19,17.9,7.794,611
2023-07-11T00:00:00.000Z,3.2,26.1,5.6,4.9,7.2,3.868,640
2023-07-12T00:00:00.000Z,3.4,14.5,6.7,5.75,8.1,2.188,621
2023-07-13T00:00:00.000Z,3.1,35.7,8.5,6.5,11.7,7.478,650
2023-07-14T00:00:00.000Z,1.5,44.2,8.7,7.4,14.1,10.1,626
2023-07-15T00:00:00.000Z,5.5,16.7,9.1,7.6,10.8,2.226,412
2023-07-16T00:00:00.000Z,7.7,21.7,12.2,9.8,14.1,2.697,626
2023-07-17T00:00:00.000Z,7.7,37.4,12.2,10.3,14.9,4.086,617
2023-07-18T00:00:00.000Z,7.4,23.2,13,11,15.8,3.426,623
2023-07-19T00:00:00.000Z,7.2,19.4,11,10,12.6,2.467,637
2023-07-20T00:00:00.000Z,8.2,26.9,13.5,11.75,15,2.636,612
2023-07-21T00:00:00.000Z,8,45.5,19.6,13.3,28,9.845,651
2023-07-22T00:00:00.000Z,7.9,26.4,15,12.5,17.3,3.586,638
2023-07-23T00:00:00.000Z,7.6,21.2,13.1,10.4,15.1,2.903,632
2023-07-24T00:00:00.000Z,9.2,24.5,13.4,12.1,16.35,2.877,604
2023-07-25T00:00:00.000Z,7.9,38.7,19.05,11.9,27.2,8.092,616
2023-07-26T00:00:00.000Z,10.9,42.9,19,13.9,26,6.248,620
2023-07-27T00:00:00.000Z,11.6,42.4,19.8,16,21.6,4.139,612
2023-07-28T00:00:00.000Z,11.6,52.8,20.5,15.1,30.3,8.987,628
2023-07-29T00:00:00.000Z,6.1,37,19.3,12.5,23.7,7.28,639
2023-07-30T00:00:00.000Z,10.3,55,16.3,14.75,20.6,6.653,629
2023-07-31T00:00:00.000Z,8.2,25.3,13.5,11.8,15.2,2.94,622
2023-08-01T00:00:00.000Z,7.7,32.5,17.3,13.9,20.39,5.201,648
2023-08-02T00:00:00.000Z,8.6,35,13.4,11.5,16.39,4.425,639
2023-08-03T00:00:00.000Z,6.8,29.9,13.5,10.25,16.89,4.746,604
2023-08-04T00:00:00.000Z,11.5,26.8,15.4,14,18.14,3.177,621
2023-08-05T00:00:00.000Z,10,49.4,23.3,13.9,36.1,11.718,636
2023-08-06T00:00:00.000Z,7.7,33.2,15.5,14,18.3,4.829,611
2023-08-07T00:00:00.000Z,7.6,96.8,15,10.1,33.5,11.752,629
2023-08-08T00:00:00.000Z,8.4,28.5,11.8,10.8,13.2,3.667,603
2023-08-09T00:00:00.000Z,8.5,43.8,13.5,11.8,20.1,8.947,627
2023-08-10T00:00:00.000Z,5,40.5,12.5,9.15,20.1,8.039,593
2023-08-11T00:00:00.000Z,4.8,22.8,8.65,7,10.9,3.261,634
2023-08-12T00:00:00.000Z,5.6,28.8,10.3,8.8,13.2,4.376,583
2023-08-13T00:00:00.000Z,6.9,38.9,19.5,12.4,26.8,7.876,636
2023-08-14T00:00:00.000Z,11.7,31.6,19.7,17.4,23.7,3.848,657
2023-08-15T00:00:00.000Z,11.1,32.8,15.4,13.8,19.1,5.236,296
2023-08-16T00:00:00.000Z,14.7,33.3,24.4,21,26.7,4.648,167
2023-08-17T00:00:00.000Z,20.7,39.5,27.1,24.7,29.2,3.398,654
2023-08-18T00:00:00.000Z,14.1,48.8,34.4,23.5,36.29,8.332,610
2023-08-19T00:00:00.000Z,10.8,33,27.2,20.3,28.7,5.089,646
2023-08-20T00:00:00.000Z,11.1,63.5,18.6,16.5,25.95,8.145,592
2023-08-21T00:00:00.000Z,8.9,36.9,14.7,12.4,18.8,6.95,636
2023-08-22T00:00:00.000Z,8.2,37.2,14.8,12.8,21.05,7.734,569
2023-08-23T00:00:00.000Z,10.7,64.6,19.35,13.4,24.8,8.951,618
2023-08-24T00:00:00.000Z,11.2,25,14.25,13.2,17.1,2.854,632
2023-08-25T00:00:00.000Z,16.8,34.1,21.4,19.8,23.7,3.155,616
2023-08-26T00:00:00.000Z,17.5,48.3,27.1,20.8,30.7,7.133,638
2023-08-27T00:00:00.000Z,22.6,46.3,30.85,28.9,34.6,5.313,636
2023-08-28T00:00:00.000Z,10.1,86.1,27.8,23.2,41,15.499,611
2023-08-29T00:00:00.000Z,11.2,45.1,23.1,20.2,27.5,7.201,605
2023-08-30T00:00:00.000Z,13.8,44.1,25.35,22.4,29.5,5.477,602
2023-08-31T00:00:00.000Z,17.8,42.2,28.5,26.7,30.4,3.976,649
2023-09-01T00:00:00.000Z,26.5,134.2,39.7,33.35,43,23.786,628
2023-09-02T00:00:00.000Z,18.3,76.4,26.1,23.8,30,11.184,626
2023-09-03T00:00:00.000Z,20.2,40.2,26,24.6,28.6,4.005,645
2023-09-04T00:00:00.000Z,12.8,90.5,30.1,20.4,33.9,10.604,656
2023-09-05T00:00:00.000Z,20.7,91.5,33,29.6,37.1,10.528,623
2023-09-06T00:00:00.000Z,23.2,115.5,37.2,32.7,40.9,15.302,655
2023-09-07T00:00:00.000Z,15.8,96.7,44.8,28.7,50.4,15.88,657
2023-09-08T00:00:00.000Z,24.3,267.2,47.05,30.4,64.34,46.393,640
2023-09-09T00:00:00.000Z,12.1,37,23.4,16.9,28,6.012,650
2023-09-10T00:00:00.000Z,18,76.5,30.1,27.7,35.79,7.288,651
2023-09-11T00:00:00.000Z,14.4,59.2,42.5,32.65,48.8,11.601,637
2023-09-12T00:00:00.000Z,10.4,32.8,20.7,16.89,23.7,4.951,648
2023-09-13T00:00:00.000Z,12.6,34.3,23,17.25,24.8,4.809,633
2023-09-14T00:00:00.000Z,22.9,40.7,31.3,29.5,33.95,3.688,612
2023-09-15T00:00:00.000Z,32.8,133,50.3,45.4,61.8,18.796,633
2023-09-16T00:00:00.000Z,12.6,143.5,29.8,19.3,96.6,41.902,659
2023-09-17T00:00:00.000Z,18,31.4,22.7,21,25.5,2.962,654
2023-09-18T00:00:00.000Z,16.8,37.8,23,21.4,26.2,3.697,632
2023-09-19T00:00:00.000Z,22.4,35.9,29.3,26.7,31.8,3.167,651
2023-09-20T00:00:00.000Z,22.5,307.8,38.35,35.6,41.6,45.406,594
2023-09-21T00:00:00.000Z,33.5,92.1,45.7,42.8,49,7.104,643
2023-09-22T00:00:00.000Z,11.8,53.9,21.7,18.5,29.3,8.594,650
2023-09-23T00:00:00.000Z,10.5,64.5,22.7,14.8,33.6,13.905,623
2023-09-24T00:00:00.000Z,12.2,37.5,21.2,17.7,25.9,5.499,600
2023-09-25T00:00:00.000Z,12,44,16.6,14,24.2,6.269,643
2023-09-26T00:00:00.000Z,19.3,34.7,27.8,24.3,29.4,3.486,663
2023-09-27T00:00:00.000Z,24.4,60.1,35.5,31.5,45.3,7.351,609
2023-09-28T00:00:00.000Z,17,254.7,43.2,35.4,134.5,62.869,663
2023-09-29T00:00:00.000Z,29.6,74.1,40.2,34.5,50.1,11.11,646
2023-09-30T00:00:00.000Z,28.5,211.8,39.5,31.85,50.2,17.984,613
2023-10-01T00:00:00.000Z,35.2,86.3,43.3,39.7,52.6,10.187,608
2023-10-02T00:00:00.000Z,28.5,61.4,43.8,40.4,46.9,5.019,646
2023-10-03T00:00:00.000Z,24.2,56.5,39.8,33.2,47.4,8.733,649
2023-10-04T00:00:00.000Z,17.6,146.9,36.8,22.2,51.2,18.229,626
2023-10-05T00:00:00.000Z,23.5,440.6,34.6,31.6,97.25,120.794,657
2023-10-06T00:00:00.000Z,17.4,218.6,38.5,25.4,49.5,36.924,631
2023-10-07T00:00:00.000Z,15.9,62.4,33.5,24.5,41.3,10.382,629
2023-10-08T00:00:00.000Z,25.1,75.9,45.2,39.5,49.8,9.469,628
2023-10-09T00:00:00.000Z,35.4,100.9,57.2,49.4,75.2,16.459,546
2023-10-10T00:00:00.000Z,28.6,261.9,67.7,40.6,143.8,69.547,651
2023-10-11T00:00:00.000Z,47.7,393.1,177.4,112.6,226.2,82.956,639
2023-10-12T00:00:00.000Z,95.3,664.1,189.1,116.05,339.8,164.761,321
2023-10-14T00:00:00.000Z,56.6,92.7,67.7,61.8,76.9,10.503,217
2023-10-15T00:00:00.000Z,19.7,140,69.9,47.9,78.5,21.393,658
2023-10-16T00:00:00.000Z,12.3,61.9,44.45,22,49,14.489,622
2023-10-17T00:00:00.000Z,12.2,37.4,27.6,17.6,30.3,6.796,607
2023-10-18T00:00:00.000Z,3.2,27.5,14.6,12.2,17.2,3.829,641
2023-10-19T00:00:00.000Z,11,40,18.2,14.1,30.85,8.253,636
2023-10-20T00:00:00.000Z,16.2,37.2,30,28.3,31.7,3.24,640
2023-10-21T00:00:00.000Z,15.6,46.1,29.3,20.05,33,7.822,588
2023-10-22T00:00:00.000Z,5.1,49.7,22.8,16.39,34.79,12.645,650
2023-10-23T00:00:00.000Z,8.6,23.3,14.5,12.3,16.89,3.238,617
2023-10-24T00:00:00.000Z,19.6,39.5,28.7,26.85,30.2,3.508,649
2023-10-25T00:00:00.000Z,18.3,40.3,27,24.1,31,4.512,634
2023-10-26T00:00:00.000Z,17.3,54.2,40.79,27.3,46.6,10.459,632
2023-10-27T00:00:00.000Z,22.3,86.6,38.45,28.6,54.55,16.551,640
2023-10-28T00:00:00.000Z,31.5,83.1,42.3,39.1,48.9,11.435,625
2023-10-29T00:00:00.000Z,37,198.4,45.1,42.85,48.6,36.329,652
2023-10-30T00:00:00.000Z,25.5,153.1,42.9,37.4,65.3,32.272,593
2023-10-31T00:00:00.000Z,41.3,152.1,83.1,53.5,112.2,32.083,659
2023-11-01T00:00:00.000Z,34,97.7,50.5,42.6,63.5,17.886,629
2023-11-02T00:00:00.000Z,44,135.2,65.7,57.4,81.9,20.601,669
2023-11-03T00:00:00.000Z,59.1,169.7,94.7,72.34,111.55,26.226,684
2023-11-04T00:00:00.000Z,42.9,487.3,113.35,87.55,326.64,138.405,660
2023-11-05T00:00:00.000Z,24.8,163.3,100.35,71.59,121.7,38.291,658
2023-11-06T00:00:00.000Z,33.2,183.7,55.1,46.9,91.05,29.771,605
2023-11-07T00:00:00.000Z,3.1,59.3,20.39,15.8,35.54,12.752,597
2023-11-08T00:00:00.000Z,13.2,36.5,20.85,17.95,23.5,4.903,604
2023-11-09T00:00:00.000Z,14.4,35.2,25.1,22.35,27.1,4.099,572
2023-11-10T00:00:00.000Z,25.6,53.6,36.9,32.9,40.6,4.762,621
2023-11-11T00:00:00.000Z,33.9,55.9,47.1,38.79,50.1,6.026,616
2023-11-12T00:00:00.000Z,20.8,43.4,28.05,24.3,30.15,4.201,380
2023-11-13T00:00:00.000Z,28.8,43.2,33.7,31.9,36.79,3.056,560
2023-11-14T00:00:00.000Z,21,44.5,33.5,30.95,36.85,4.114,616
2023-11-15T00:00:00.000Z,13.7,44.1,28.6,25.2,34.7,7.489,630
2023-11-16T00:00:00.000Z,30.8,142.5,38.5,35.1,45,20.886,531
2023-11-17T00:00:00.000Z,15,51.4,34.5,24.4,42.75,9.141,649
2023-11-18T00:00:00.000Z,23.5,165.4,65.2,47.65,90.35,33.26,661
2023-11-19T00:00:00.000Z,23.3,190.4,43.8,35,101.5,39.601,663
2023-11-20T00:00:00.000Z,17.4,82.4,33.5,30.9,38.9,9.561,651
2023-11-21T00:00:00.000Z,26.7,157.9,56.4,50.4,68.09,24.455,627
2023-11-22T00:00:00.000Z,39,117.6,56.8,51.95,73.4,17.764,660
2023-11-23T00:00:00.000Z,4.2,89.2,23.3,14.2,57.85,26.162,644
2023-11-24T00:00:00.000Z,16.2,86.2,40.9,22.95,52.1,16.439,672
2023-11-25T00:00:00.000Z,12.1,59,36.2,31.1,40.5,9.21,663
2023-11-26T00:00:00.000Z,13.4,39.5,28.7,24.9,32.9,5.787,675
2023-11-27T00:00:00.000Z,6.4,41.7,33.1,9.8,37.7,13.177,627
2023-11-28T00:00:00.000Z,10.1,29.4,17.25,15.2,20.3,3.665,610
2023-11-29T00:00:00.000Z,7.7,28.1,14.9,10.65,18.6,4.974,632
2023-11-30T00:00:00.000Z,5.1,22.6,12.6,8.19,15.4,4.564,635
2023-12-01T00:00:00.000Z,7.4,29.2,12.2,10.1,17.1,5.165,612
2023-12-02T00:00:00.000Z,6,29.7,11,9.8,12.7,3.105,620
2023-12-03T00:00:00.000Z,3.2,26.5,8.4,6.9,10.6,4.041,643
2023-12-04T00:00:00.000Z,4.9,14.2,7.7,6.4,9,1.826,612
2023-12-05T00:00:00.000Z,2.6,21.3,10.7,6.5,13,4.067,627
2023-12-06T00:00:00.000Z,5.8,24.7,9.7,7.5,12.3,3.952,630
2023-12-07T00:00:00.000Z,9.2,37.6,24.6,14.85,30.9,8.058,636
2023-12-08T00:00:00.000Z,3.2,32.8,11,7.1,13.3,6.433,640
2023-12-09T00:00:00.000Z,1.7,35.3,10.6,7,13.1,4.542,646
2023-12-10T00:00:00.000Z,5.6,20.3,10.3,8.5,12.6,3.12,657
2023-12-11T00:00:00.000Z,0.4,17.2,10.5,7.6,11.8,3.435,631
2023-12-12T00:00:00.000Z,3.6,20.3,8.3,6.2,10.1,2.585,622
2023-12-13T00:00:00.000Z,6,24.8,13.2,10.1,17.64,4.333,652
2023-12-14T00:00:00.000Z,8.4,35.3,18.7,13,21.75,4.991,673
2023-12-15T00:00:00.000Z,5.6,25.3,15.1,12.8,17.8,3.697,637
2023-12-16T00:00:00.000Z,4.5,30.3,13.25,10,17.6,4.937,308
2023-12-18T00:00:00.000Z,6.2,20.5,11.2,9.9,13,2.389,312
2023-12-19T00:00:00.000Z,8,25.5,15.3,11.7,19,4.228,617
2023-12-20T00:00:00.000Z,0.9,23.7,10.1,6.2,13.35,4.987,648
2023-12-21T00:00:00.000Z,2.2,11.3,4.8,4.2,6.3,1.922,517
2024-01-03T00:00:00.000Z,7.1,19.1,10.3,9.2,10.8,1.449,142
2024-01-04T00:00:00.000Z,5.9,20.9,10.4,9.3,11.6,1.823,661
2024-01-05T00:00:00.000Z,0.2,17.4,5.1,1.5,9.65,4.404,400
2024-01-06T00:00:00.000Z,1,11,3.3,2.7,4.7,2.234,259
2024-01-07T00:00:00.000Z,1.8,18.1,5.7,4.7,7.3,2.932,575
2024-01-08T00:00:00.000Z,3.1,19.4,7.1,5.6,8.8,2.673,514
2024-01-09T00:00:00.000Z,2.8,15.5,5.4,4.4,6.9,1.968,599
2024-01-10T00:00:00.000Z,0.9,37.1,2.8,1.9,4.59,4.094,606
2024-01-11T00:00:00.000Z,0,17.4,3.5,2.15,4.75,3.791,633
2024-01-12T00:00:00.000Z,0.8,16.6,5.2,3.7,6.7,2.098,617
2024-01-13T00:00:00.000Z,2.6,21.4,6,4.5,7.9,3.168,642
2024-01-14T00:00:00.000Z,0,14.4,2.6,1.7,6.8,3.333,606
2024-01-15T00:00:00.000Z,0.1,9.3,1.8,1,2.8,1.211,600
2024-01-16T00:00:00.000Z,0.1,13.8,3.75,2.1,5.7,2.427,592
2024-01-17T00:00:00.000Z,1.7,14.3,6.3,5.2,7.2,1.745,633
2024-01-18T00:00:00.000Z,6.3,20.8,9.1,8.5,10.4,2.049,637
2024-01-19T00:00:00.000Z,0.8,25.9,8,5.09,17.8,6.716,670
2024-01-20T00:00:00.000Z,3.3,27.1,7.2,6.55,9,1.93,460
2024-01-21T00:00:00.000Z,0.2,26.3,9.1,6.4,15.4,5.588,650
2024-01-22T00:00:00.000Z,3,11.1,5.1,4.3,6,1.1,623
2024-01-23T00:00:00.000Z,0,39.7,2.3,1.5,3.4,2.768,584
2024-01-24T00:00:00.000Z,1.2,15.8,3.4,2.6,4.34,2.081,593
2024-01-25T00:00:00.000Z,1.2,34.1,4.7,3.05,6.3,3.838,648
2024-01-26T00:00:00.000Z,0.3,18.4,2.5,1.6,4.2,2.21,432
2024-01-27T00:00:00.000Z,0.5,33.2,3.4,2.35,5,4.665,593
2024-01-28T00:00:00.000Z,2.1,7.5,3.3,2.7,4.4,1.275,227
2024-01-29T00:00:00.000Z,4.6,21.2,6.6,5.9,7.6,2.363,319
2024-01-30T00:00:00.000Z,3.8,23.9,9.2,7.8,10.95,2.687,616
2024-01-31T00:00:00.000Z,2.3,11.8,5.1,4.2,6.3,1.991,602
2024-02-01T00:00:00.000Z,0.1,17.6,5.3,3.1,7.1,2.829,629
2024-02-02T00:00:00.000Z,2,23.8,7.2,6.05,8.5,2.143,588
2024-02-03T00:00:00.000Z,0.7,12.8,3.2,2.5,5.09,1.851,642
2024-02-04T00:00:00.000Z,1.7,17,5.4,4.8,6.9,2.088,642
2024-02-05T00:00:00.000Z,0.6,9.9,3,1.8,5.2,2.129,527
2024-02-06T00:00:00.000Z,3.6,25.8,10,8.5,12.1,3.466,644
2024-02-07T00:00:00.000Z,4.8,14,7.6,6.4,9.4,1.791,623
2024-02-08T00:00:00.000Z,2.6,23.6,7.6,6.2,9.6,2.772,608
2024-02-09T00:00:00.000Z,3.1,25.8,6.8,6.1,8.6,3.091,593
2024-02-10T00:00:00.000Z,2.1,22.1,7,6.1,8.3,2.982,592
2024-02-11T00:00:00.000Z,4.2,19.3,9.1,7.9,11.1,2.559,643
2024-02-12T00:00:00.000Z,0.1,15.6,9.9,7.1,11.2,3.316,648
2024-02-13T00:00:00.000Z,0.6,77.9,6.8,5.3,8.7,6.068,632
2024-02-14T00:00:00.000Z,1.1,15.1,2.9,2,4,2.873,492
2024-02-15T00:00:00.000Z,1.3,13.2,5.4,4.6,6.1,1.388,250
2024-02-16T00:00:00.000Z,2.1,11.6,5.09,4.4,6.1,1.397,632
2024-02-17T00:00:00.000Z,5.6,22.2,8.1,7.3,9.3,2.396,528
2024-02-18T00:00:00.000Z,3.5,33.5,10.85,9.2,13.5,3.924,342
2024-02-19T00:00:00.000Z,5.8,18.5,10.1,9.4,11.05,2.264,309
2024-02-20T00:00:00.000Z,6.1,30.4,13,9.4,14.2,3.349,648
2024-02-21T00:00:00.000Z,6,22.6,9.4,8.3,11,2.788,618
2024-02-22T00:00:00.000Z,5.8,29.2,10.1,8.2,13.2,4.502,656
2024-02-23T00:00:00.000Z,7.3,58.4,10.6,9.4,12.9,9.558,649
2024-02-24T00:00:00.000Z,4.7,22.1,8.9,7.5,11.9,3.179,660
2024-02-25T00:00:00.000Z,0,16.4,2.2,1.4,3.6,2.376,626
2024-02-26T00:00:00.000Z,0.1,11.4,1.3,0.9,1.85,0.852,584
2024-02-27T00:00:00.000Z,1.3,21.5,4.6,3.4,10.3,5.483,655
2024-02-28T00:00:00.000Z,4.5,29.3,13.6,6.9,22.4,7.566,639
2024-02-29T00:00:00.000Z,4.4,18.9,7.1,6.1,8.55,2.072,653
2024-03-01T00:00:00.000Z,3.3,15.8,7.7,5.9,9.8,2.488,624
2024-03-02T00:00:00.000Z,4.4,32.9,11.9,9.3,16.8,5.497,657
2024-03-03T00:00:00.000Z,17.6,41.3,30.5,24.7,32.79,5.769,637
2024-03-04T00:00:00.000Z,15.8,36.8,33.2,30,34.29,4.403,624
2024-03-05T00:00:00.000Z,1.2,22.3,14.3,5.7,17.2,6.178,631
2024-03-06T00:00:00.000Z,1.4,12.9,4.8,3.9,6.75,2.345,533
2024-03-07T00:00:00.000Z,0.5,12.3,2.7,1.6,5.9,3.568,380
2024-03-12T00:00:00.000Z,1.6,21.6,3.95,3.2,5,4.105,96
2024-03-13T00:00:00.000Z,1.5,24,4.8,3.2,7.7,2.813,611
2024-03-14T00:00:00.000Z,0,25.1,3.6,1.8,9.6,5.128,606
2024-03-15T00:00:00.000Z,1,25.7,4.8,3.2,8.5,4.705,640
2024-03-16T00:00:00.000Z,0,16.2,2.6,1.3,7.2,4.069,639
2024-03-17T00:00:00.000Z,0.6,9.4,4.09,2.7,5.6,1.885,642
2024-03-18T00:00:00.000Z,0.5,9.9,5.2,3.8,7,2.072,613
2024-03-19T00:00:00.000Z,1.1,38.7,3.95,2.9,5.85,3.682,632
2024-03-20T00:00:00.000Z,0.4,19.3,5.5,3.9,7.1,2.655,639
2024-03-21T00:00:00.000Z,0,21,4.65,2.1,6.8,4.032,618
2024-03-22T00:00:00.000Z,3.2,16,7.8,5.6,9.4,2.269,499
2024-03-23T00:00:00.000Z,4.6,41.3,6.8,6.1,8.1,2.463,392
2024-03-25T00:00:00.000Z,3,15.9,6.3,4.4,7.7,2.13,314
2024-03-26T00:00:00.000Z,5.1,23.8,11.5,8,14.6,4.535,642
2024-03-27T00:00:00.000Z,4.2,42.4,13.6,8.2,18.95,9.064,657
2024-03-28T00:00:00.000Z,2.8,27.8,8.9,7.5,11.1,3.416,619
2024-03-29T00:00:00.000Z,4.2,30.1,7.2,6.3,9.1,4.202,393
2024-03-30T00:00:00.000Z,1.5,20.2,5.3,3.5,8.8,3.475,637
2024-03-31T00:00:00.000Z,0.5,11.8,3.7,2.1,4.8,1.867,578
2024-04-01T00:00:00.000Z,0.3,13.8,1.7,1.1,3,2.181,280
2024-04-02T00:00:00.000Z,0.2,7.5,2.2,1.3,3.4,1.524,610
2024-04-03T00:00:00.000Z,0.2,20.2,2.2,1.7,3,2.765,561
2024-04-04T00:00:00.000Z,0.1,53.8,1.5,1,3.4,4.846,573
2024-04-05T00:00:00.000Z,0.5,8.9,2.4,1.7,3.6,1.257,352
2024-04-06T00:00:00.000Z,0,12.4,2.4,0.8,4.5,2.533,583
2024-04-07T00:00:00.000Z,1.9,19.7,8.3,5.9,12.2,3.965,647
2024-04-08T00:00:00.000Z,2.1,30.6,9.6,8.3,16.9,6.633,615
2024-04-09T00:00:00.000Z,4.2,18.9,8.6,7.5,9.8,2.19,577
2024-04-10T00:00:00.000Z,2.8,18,7.5,6.6,8.3,1.947,579
2024-04-11T00:00:00.000Z,0,17,4.4,3.2,6.4,3.498,575
2024-04-12T00:00:00.000Z,0,17.9,1.6,0.5,5.4,4.32,537
2024-04-13T00:00:00.000Z,0,4.2,1.3,0.8,1.9,0.812,576
2024-04-14T00:00:00.000Z,0,19.5,1.1,0.6,2.1,2.029,468
2024-04-18T00:00:00.000Z,0.4,8.8,2.9,1.8,3.7,1.571,152
2024-04-19T00:00:00.000Z,0.1,14.1,3.7,1.5,5.8,2.899,575
2024-04-20T00:00:00.000Z,0.6,11.6,2.6,1.8,3.7,1.459,613
2024-04-21T00:00:00.000Z,0.2,14.1,4.4,3,7.4,3.512,593
2024-04-22T00:00:00.000Z,0,21.3,2.1,1.5,3.5,2.343,539
2024-04-23T00:00:00.000Z,0.4,16.2,2.9,1.9,5.5,3.088,640
2024-04-24T00:00:00.000Z,0,8.8,3.15,1.9,4.4,1.873,606
2024-04-25T00:00:00.000Z,0,6.6,1.8,0.75,2.75,1.496,568
2024-04-26T00:00:00.000Z,0.4,48.7,2.29,1.6,3.9,3.985,647
2024-04-27T00:00:00.000Z,0.2,17,3.2,2,6.7,3.927,611
2024-04-28T00:00:00.000Z,0.8,24.3,3.6,2,6.1,5.205,622
2024-04-29T00:00:00.000Z,0.8,90.6,7.2,5.05,10.3,6.192,653
2024-04-30T00:00:00.000Z,0.5,12.2,3.7,2.9,4.95,1.599,605
2024-05-01T00:00:00.000Z,0.6,12.5,2.7,2.1,4.2,1.923,633
2024-05-02T00:00:00.000Z,0,17.4,2.7,1.2,4.8,2.421,614
2024-05-03T00:00:00.000Z,0.1,44.3,4.9,3.4,6.8,5.633,620
2024-05-04T00:00:00.000Z,1.2,6.4,2.8,2.2,3.7,1.105,357
2024-05-08T00:00:00.000Z,2.4,3.5,2.8,2.54,3.1,0.325,16
2024-05-09T00:00:00.000Z,1.8,15.7,3.7,2.9,9.2,3.809,87
2024-05-10T00:00:00.000Z,1.4,22.7,6.5,4.55,12.6,5.217,596
2024-05-11T00:00:00.000Z,1.3,24.5,3.2,2.6,5.1,2.728,639
2024-05-12T00:00:00.000Z,1.1,29.6,8.4,2.8,15,6.783,651
2024-05-13T00:00:00.000Z,0.2,147.9,1.9,0.9,2.8,6.884,578
2024-05-14T00:00:00.000Z,0.3,21,2.5,1.6,3.4,2.313,566
2024-05-15T00:00:00.000Z,2,202.9,4.8,4,6,8.659,620
2024-05-16T00:00:00.000Z,1,20.1,4,3,5.8,3.467,603
2024-05-17T00:00:00.000Z,0.7,14,5.2,2.6,6.5,2.485,594
2024-05-18T00:00:00.000Z,0.2,16.8,4,2,9.8,4.421,599
2024-05-19T00:00:00.000Z,0.2,26.2,4.65,2.85,6.5,3.459,604
2024-05-20T00:00:00.000Z,0.2,27.5,7,3.2,9.5,3.868,601
2024-05-21T00:00:00.000Z,2.1,61.4,5.9,4,16,6.541,623
2024-05-22T00:00:00.000Z,1.8,14.8,6.4,3.8,8.3,2.999,606
2024-05-23T00:00:00.000Z,1.7,18.5,3.4,2.7,4.8,2.63,516
2024-05-24T00:00:00.000Z,0.3,17.6,5.3,3,8.8,4.011,546
2024-05-25T00:00:00.000Z,0.7,24.1,7,5,9.05,3.502,649
2024-05-26T00:00:00.000Z,1.7,22.3,5.4,3.9,6.8,3.21,637
2024-05-27T00:00:00.000Z,0.2,20.8,4.8,2.2,7.4,3.639,583
2024-05-28T00:00:00.000Z,0.7,128.5,5.9,5.3,6.6,8.339,603
2024-05-29T00:00:00.000Z,4.5,16.8,6.6,5.7,7.5,1.333,614
2024-05-30T00:00:00.000Z,5.1,24.5,7,6.4,7.8,1.33,627
2024-05-31T00:00:00.000Z,0.6,18.6,7.7,6.4,10.2,4.013,608
2024-06-01T00:00:00.000Z,1.3,33.5,7.4,5.9,10.6,4.836,634
2024-06-02T00:00:00.000Z,1.2,20.3,5.6,4.4,9.1,4.303,642
2024-06-03T00:00:00.000Z,0.4,12.6,3.4,1.9,5.2,1.954,599
2024-06-04T00:00:00.000Z,2.7,27.1,9.9,7.8,12.9,5.21,638
2024-06-05T00:00:00.000Z,1.8,28.4,4.2,3.5,8.1,4.489,623
2024-06-06T00:00:00.000Z,1.5,28.8,5.2,3.8,8,5.205,599
2024-06-07T00:00:00.000Z,1.9,32,11.5,6.9,25.3,9.138,651
2024-06-08T00:00:00.000Z,3.8,32.5,9.65,6.4,15.9,7.858,654
2024-06-09T00:00:00.000Z,1.5,12.2,4.3,3.8,5.2,1.192,610
2024-06-10T00:00:00.000Z,3.2,12.3,5.2,4.4,8.1,2.421,146
2024-06-11T00:00:00.000Z,0.7,32.5,5.5,3.9,17.6,9.233,646
2024-06-12T00:00:00.000Z,1.1,33.4,4,2.9,5.5,3.093,633
2024-06-13T00:00:00.000Z,0.2,36.4,5,4,7.1,6.735,621
2024-06-14T00:00:00.000Z,3,27.7,6.1,5.1,7.1,2.041,632
2024-06-15T00:00:00.000Z,3,46.2,6.1,4.7,8.3,3.34,569
2024-06-16T00:00:00.000Z,2.4,20.8,5.2,4.3,7.7,2.784,639
2024-06-17T00:00:00.000Z,3,25.4,6.3,5.09,8.1,3.149,592
2024-06-18T00:00:00.000Z,3.3,35.1,10.45,6.5,14.6,7.22,642
2024-06-19T00:00:00.000Z,3.1,25.2,6.3,5.25,7.5,3.709,632
2024-06-20T00:00:00.000Z,3.2,28.2,7.4,5.9,10.6,6.247,613
2024-06-21T00:00:00.000Z,3.8,25.1,8.19,6.5,12.1,4.888,406
2024-06-22T00:00:00.000Z,1.3,34.3,12,4.59,19.14,7.97,621
2024-06-23T00:00:00.000Z,4.1,23.3,9.25,6.2,13.8,4.268,626
2024-06-24T00:00:00.000Z,1.2,11.8,4.1,2.8,5.25,1.679,608
2024-06-25T00:00:00.000Z,4.6,29,12.3,9,17.89,5.848,641
2024-06-26T00:00:00.000Z,3.8,15.3,6.4,5.4,7.6,2.335,594
2024-06-27T00:00:00.000Z,4.3,37.8,10.5,8.3,25.3,9.372,611
2024-06-28T00:00:00.000Z,3.6,32.8,9,7,13,6.299,651
2024-06-29T00:00:00.000Z,4.5,19.1,8.2,7.3,9.65,2.374,616
2024-06-30T00:00:00.000Z,6.9,28.5,13.9,9.4,18.39,5.002,635
2024-07-01T00:00:00.000Z,5,33,12.4,10.1,16.3,6.282,639
2024-07-02T00:00:00.000Z,4.8,80.4,10,8.8,11.85,5.522,645
2024-07-03T00:00:00.000Z,0.7,27.3,6.1,5.1,7.2,2.618,433
2024-07-04T00:00:00.000Z,6.4,16.2,9.3,8.4,11.8,2.191,109
2024-07-05T00:00:00.000Z,5.9,18.9,10.4,8.8,11.5,2.05,603
2024-07-06T00:00:00.000Z,4.5,39.8,10.2,7.3,16.7,8.242,643
2024-07-07T00:00:00.000Z,4.2,17.3,7.4,6,9.6,2.864,608
2024-07-08T00:00:00.000Z,4.2,17.8,8.2,6.6,9.19,1.978,630
2024-07-09T00:00:00.000Z,6.5,41.5,13.1,9.19,16.25,5.368,637
2024-07-10T00:00:00.000Z,0.1,21,13.7,12.4,14.8,4.633,331
2024-07-11T00:00:00.000Z,6.3,47.6,13.5,9.3,20.9,9.432,407
2024-07-12T00:00:00.000Z,4.1,26.6,6.3,5.5,8.9,4.913,645
2024-07-13T00:00:00.000Z,0,40.4,4.7,3.05,11.3,8.66,616
2024-07-14T00:00:00.000Z,5.8,19.8,13.4,10.19,14.1,2.793,638
2024-07-15T00:00:00.000Z,10.1,20,14.3,12.4,15.4,1.939,656
2024-07-16T00:00:00.000Z,5,18.2,10.9,9.5,12.5,2.039,633
2024-07-17T00:00:00.000Z,6.9,34.6,11.6,9.7,13.3,3.989,610
2024-07-18T00:00:00.000Z,8.5,42.7,20.05,13.2,33.4,10.897,620
2024-07-19T00:00:00.000Z,4.4,32.1,13.8,8,20.2,7.385,630
2024-07-20T00:00:00.000Z,5.6,155.9,13.1,8.3,16.9,8.183,633
2024-07-21T00:00:00.000Z,11.7,41.5,25,21.9,29.5,6.075,656
2024-07-22T00:00:00.000Z,9.1,41.9,15.6,12.05,23.85,8.026,608
2024-07-23T00:00:00.000Z,5.8,31.1,14,11,17.7,5.215,663
2024-07-24T00:00:00.000Z,8.3,31.7,13,10.8,16.2,4.998,622
2024-07-25T00:00:00.000Z,8.7,25,13.7,12.4,15.6,2.369,599
2024-07-26T00:00:00.000Z,8.5,40.6,17.8,13.95,22.7,7,629
2024-07-27T00:00:00.000Z,9.5,45.8,12.8,11.6,17.8,6.834,654
2024-07-28T00:00:00.000Z,4.5,30.2,13,9,16.45,5.434,644
2024-07-29T00:00:00.000Z,6.2,13.8,9.7,8.8,10.8,1.454,610
2024-07-30T00:00:00.000Z,8.8,41.9,15.3,12.6,17.9,5.384,655
2024-07-31T00:00:00.000Z,7.2,29.6,12.9,11.5,16.1,3.979,598
2024-08-01T00:00:00.000Z,8.3,35.5,17,11.6,29.8,8.83,605
2024-08-02T00:00:00.000Z,12.4,33.4,17.6,15.1,22.2,5.223,637
2024-08-03T00:00:00.000Z,12.7,48.1,18.2,16.5,27.1,7.492,637
2024-08-04T00:00:00.000Z,17.2,38.7,24.1,21.8,28.4,4.743,660
2024-08-05T00:00:00.000Z,10.6,28.3,16.1,13.7,20.39,4.636,636
2024-08-06T00:00:00.000Z,7.9,27.6,16.8,11,21.35,5.553,585
2024-08-07T00:00:00.000Z,6.9,24.8,11.7,10.4,16.8,3.889,574
2024-08-08T00:00:00.000Z,10.5,39.4,22.2,16.2,26.1,6.348,555
2024-08-09T00:00:00.000Z,19.4,37.5,30.1,28.2,32.9,4.03,481
2024-08-10T00:00:00.000Z,32,143.5,40.3,37.15,43.55,28.071,505
2024-08-11T00:00:00.000Z,56,137.3,93.8,84,107.9,17.09,586
2024-08-12T00:00:00.000Z,63.6,97.6,79.3,74.7,82.8,6.151,598
2024-08-13T00:00:00.000Z,67,93.4,85.55,81,87.5,4.946,426
2024-08-14T00:00:00.000Z,9,110,78.5,47.1,81,24.767,387
2024-08-15T00:00:00.000Z,7.8,23.7,16.05,12.4,18.95,4.033,332
2024-08-16T00:00:00.000Z,14.5,32.7,17.6,16.2,21.4,4.342,287
2024-08-17T00:00:00.000Z,18.4,35.8,24.7,21.8,27.9,3.78,434
2024-08-18T00:00:00.000Z,18.9,50.5,30.5,24.95,33.6,6.364,512
2024-08-19T00:00:00.000Z,20,37.3,26.7,24.4,28.4,3.394,497
2024-08-20T00:00:00.000Z,17.4,73.2,32,24.3,35.5,13.013,503
2024-08-21T00:00:00.000Z,12.6,39.4,21.3,16.35,23.75,5.325,421
2024-08-22T00:00:00.000Z,11.8,32,18.35,14.8,22.8,4.986,528
2024-08-23T00:00:00.000Z,10.8,29.9,16.3,14.1,18.2,4.111,536
2024-08-24T00:00:00.000Z,15.1,30.7,19.5,17.6,21.8,2.88,573
2024-08-25T00:00:00.000Z,22.7,34.7,26.5,25.3,29.2,2.643,524
2024-08-26T00:00:00.000Z,31.3,77.1,34.1,33.4,35.5,8.151,468
2024-08-27T00:00:00.000Z,66.9,180.8,101.75,95.55,143.94,30.109,512
2024-08-28T00:00:00.000Z,50.7,144.6,103.1,94.75,116.25,18.458,480
2024-08-29T00:00:00.000Z,26.4,114.3,51.6,40.45,81.25,26.793,428
2024-08-30T00:00:00.000Z,32.4,109.2,51.1,42.25,61,17.049,488
2024-08-31T00:00:00.000Z,15.9,73.3,42.3,29,53.5,14.516,497
2024-09-01T00:00:00.000Z,28.6,51.4,34.4,31.9,37.29,5.319,493
2024-09-02T00:00:00.000Z,35,55.8,41.1,39.5,43,2.714,461
2024-09-03T00:00:00.000Z,24.4,52,42.8,28.5,45.65,8.473,492
2024-09-04T00:00:00.000Z,17.2,42.7,35.5,31.05,39.5,5.572,436
2024-09-05T00:00:00.000Z,35.6,98.7,43.8,40.4,54.7,10.487,467
2024-09-06T00:00:00.000Z,50.3,76.4,58.8,55.65,68.25,7.385,61
2024-09-12T00:00:00.000Z,15.2,34.8,22.6,18.9,30.3,5.991,135
2024-09-13T00:00:00.000Z,21,41.3,30.1,27.4,34.1,4.431,568
2024-09-14T00:00:00.000Z,12.7,42.7,25,17.4,34.1,8.626,622
2024-09-15T00:00:00.000Z,12.9,39.8,24.3,19.5,27.9,5.829,446
2024-09-16T00:00:00.000Z,39.4,65,47,44.3,52.6,5.801,109
2024-09-17T00:00:00.000Z,35.8,63.6,43.2,40.95,48.65,5.743,353
2024-09-21T00:00:00.000Z,18.2,42.7,37.7,28.2,41.2,7.131,91
2024-09-22T00:00:00.000Z,18.1,123.4,39.6,30.6,47.4,18.079,595
2024-09-23T00:00:00.000Z,22.3,86,41.6,27.3,49.2,15.862,542
2024-09-24T00:00:00.000Z,6.2,96.6,42,29.6,53.3,21.219,575
2024-09-25T00:00:00.000Z,16.7,89.4,25.4,21.3,31.8,13.093,589
2024-09-26T00:00:00.000Z,21.1,67.1,26.5,23.7,29,9.817,199
2024-10-07T00:00:00.000Z,8.4,23.5,11.75,10.7,12.5,2.721,122
2024-10-08T00:00:00.000Z,9.8,36,14.9,13.9,17.9,5.879,649
2024-10-09T00:00:00.000Z,9.1,38.8,27.1,16.6,30.2,7.984,599
2024-10-10T00:00:00.000Z,10.5,43.8,18.7,13.1,32.4,10.473,603
2024-10-11T00:00:00.000Z,16.2,39.7,27.4,20.8,29.7,5.426,598
2024-10-12T00:00:00.000Z,19.6,47.5,30.7,27.5,35.6,5.848,609
2024-10-13T00:00:00.000Z,10.7,60.4,25.6,15.2,30.1,12.861,595
2024-10-14T00:00:00.000Z,15.9,43.8,26.4,22.2,30,5.349,603
2024-10-15T00:00:00.000Z,11.1,38.6,20,15.5,24.1,6.23,627
2024-10-16T00:00:00.000Z,6.6,109.7,17.3,14.2,20.35,6.376,648
2024-10-17T00:00:00.000Z,5.7,36.4,20.6,11.2,23.1,7.048,638
2024-10-18T00:00:00.000Z,7.5,96.4,14.7,13.3,17.8,8.566,623
2024-10-19T00:00:00.000Z,10,27.4,17.8,14,19.5,3.579,651
2024-10-20T00:00:00.000Z,0.8,30.9,7.1,4.65,11.3,6.769,632
2024-10-21T00:00:00.000Z,4.4,11.2,8.6,7.65,9.3,1.475,161
2024-10-22T00:00:00.000Z,8.1,31.2,12.8,10.4,23.4,7.001,411
2024-10-23T00:00:00.000Z,9.9,49.9,13.8,12.2,18.3,4.496,636
2024-10-24T00:00:00.000Z,17.6,34.9,26.7,23.25,28.3,3.839,308
2024-10-28T00:00:00.000Z,29.6,40.8,36.75,33.8,38.2,2.516,326
2024-10-29T00:00:00.000Z,37.3,68.3,43.9,41,45.6,3.129,587
2024-10-30T00:00:00.000Z,19.2,83.3,47.8,38.5,55.6,10.829,605
2024-10-31T00:00:00.000Z,19.8,59.5,35.45,31.9,41.65,7.421,616
2024-11-01T00:00:00.000Z,18.2,41.9,30.8,27.6,34.1,5.345,593
2024-11-02T00:00:00.000Z,30.9,61,44.5,40.9,47.8,5.321,487
2024-11-03T00:00:00.000Z,44,71.4,52.7,48.2,60.2,6.324,551
2024-11-04T00:00:00.000Z,17.9,112,65.25,47.4,75.9,19.374,634
2024-11-05T00:00:00.000Z,14.8,50.1,34.1,21.7,41.2,10.979,637
2024-11-06T00:00:00.000Z,6,32,20.5,12.8,25,6.899,631
2024-11-07T00:00:00.000Z,8.7,39.6,13.6,11.6,22.1,6.996,667
2024-11-08T00:00:00.000Z,19.2,58.1,37.04,35.1,42.6,6.081,626
2024-11-09T00:00:00.000Z,21,84.5,47.6,33.4,70.8,19.449,626
2024-11-10T00:00:00.000Z,1.7,49.7,11.6,8,39.9,15.682,591
2024-11-11T00:00:00.000Z,2.8,28.6,8.5,5.4,11.2,4.268,615
2024-11-12T00:00:00.000Z,13.6,53.7,20.2,18.1,26.4,8.213,612
2024-11-13T00:00:00.000Z,8.2,62.7,43.4,27.5,47.7,14.386,594
2024-11-14T00:00:00.000Z,12.9,42.2,20.6,16.6,37.65,9.888,560
2024-11-15T00:00:00.000Z,27.9,51.1,39.7,37.9,42.4,4.714,489
2024-11-16T00:00:00.000Z,4.4,42.8,27.6,16.1,32.1,10.412,497
2024-11-17T00:00:00.000Z,13.6,39.8,25.2,24,26.4,3.129,457
2024-11-18T00:00:00.000Z,28.3,44.8,33.6,31.4,37.6,3.75,541
2024-11-19T00:00:00.000Z,22.2,72.3,45.15,40.9,49.2,6.736,528
2024-11-20T00:00:00.000Z,27.8,62.7,38.4,33.3,48.1,8.145,592
2024-11-21T00:00:00.000Z,11.1,47.9,35.6,32.2,38.4,5.218,479
2024-11-22T00:00:00.000Z,20.6,51.4,34.54,29.2,46.15,8.841,512
2024-11-23T00:00:00.000Z,28.6,61.4,40.7,38.8,43.6,5.15,582
2024-11-24T00:00:00.000Z,16.5,74.7,35.4,29.8,39.7,9.995,570
2024-11-25T00:00:00.000Z,14.8,44.8,31,27,33.5,5.662,520
2024-11-26T00:00:00.000Z,21.6,46.8,32.4,27.7,38.8,6.261,494
2024-11-27T00:00:00.000Z,17.2,63.8,41.4,26.7,56.2,14.349,583
2024-11-28T00:00:00.000Z,16.2,54.2,26.4,24.2,31.1,7.239,579
2024-11-29T00:00:00.000Z,14.1,81.9,56.1,51.8,59.8,11.947,559
2024-11-30T00:00:00.000Z,37.2,73.6,51.75,40.65,61,10.48,620
2024-12-01T00:00:00.000Z,17,93.2,58.9,36,76.4,21.836,634
2024-12-02T00:00:00.000Z,7.9,32.3,18,11.8,20.6,5.908,611
2024-12-03T00:00:00.000Z,6.2,27.5,13.6,10.19,15.8,3.805,621
2024-12-04T00:00:00.000Z,5.5,37.8,16.8,11.45,20.85,6.996,601
2024-12-05T00:00:00.000Z,5.8,35,17.8,11.7,24.3,7.573,646
2024-12-06T00:00:00.000Z,1.3,59.2,13.2,6.2,15.9,7.01,607
2024-12-07T00:00:00.000Z,0.3,10.5,4.45,2.8,6.9,2.518,616
2024-12-08T00:00:00.000Z,1.9,17.3,7.15,5.75,7.9,2.317,640
2024-12-09T00:00:00.000Z,4.5,32.7,8.4,6.5,10,2.915,634
2024-12-10T00:00:00.000Z,4.3,25.8,14.1,12.8,15.6,3.032,645
2024-12-11T00:00:00.000Z,2,37.1,9.1,7,11.6,4.142,650
2024-12-12T00:00:00.000Z,1.5,31.8,5.7,4.4,7.1,2.731,615
2024-12-13T00:00:00.000Z,2.3,14.1,5.4,3.6,7.6,2.473,581
2024-12-14T00:00:00.000Z,3,22.3,8.1,5.5,11,3.466,613
2024-12-15T00:00:00.000Z,3.5,31.4,7.5,5.5,9.3,4.168,640
2024-12-16T00:00:00.000Z,4.8,15.7,8.6,7.4,10,1.903,554
2024-12-17T00:00:00.000Z,1.2,17.9,7.8,6.3,14.4,4.298,546
2024-12-18T00:00:00.000Z,12.3,140.3,16.7,15.4,18.2,11.235,580
2024-12-19T00:00:00.000Z,2.3,26,13,8.8,18.8,6.099,575
2024-12-20T00:00:00.000Z,8.8,27.3,15.5,13.8,17.9,3.261,648
2024-12-21T00:00:00.000Z,6.3,26.8,12.6,10.9,14.5,3.652,638
2024-12-22T00:00:00.000Z,6.4,30.7,13.3,10.6,16.5,3.723,632
2024-12-23T00:00:00.000Z,7.8,21.5,11.5,9.5,13.2,2.89,477
2025-01-09T00:00:00.000Z,4.7,8.7,6.25,5.8,7.2,0.909,126
2025-01-10T00:00:00.000Z,4.2,23.3,6.9,5.5,8.9,3.851,621
2025-01-11T00:00:00.000Z,1.9,16.8,6.6,5.9,7.9,2.394,645
2025-01-12T00:00:00.000Z,2.3,21.5,6,3.9,6.9,2.643,634
2025-01-13T00:00:00.000Z,1,32.9,7.4,2.9,11.5,5.682,547
2025-01-14T00:00:00.000Z,9,28.8,14.6,13.2,16.3,3.703,446
2025-01-15T00:00:00.000Z,12.5,32.3,18.4,15.5,28.6,6.35,617
2025-01-16T00:00:00.000Z,10.1,33.5,15.7,13.8,17.39,3.582,658
2025-01-17T00:00:00.000Z,6.7,22.8,9.6,8.6,10.95,2.296,648
2025-01-18T00:00:00.000Z,2.6,25,9.9,8.5,11,2.648,625
2025-01-19T00:00:00.000Z,0.9,23.7,4.9,3.6,6.2,2.891,596
2025-01-20T00:00:00.000Z,2.7,27.9,5.9,5.2,7.2,2.475,631
2025-01-21T00:00:00.000Z,4.1,19.6,6.8,5.8,7.9,1.514,621
2025-01-22T00:00:00.000Z,0.8,20.2,5,3.6,5.8,2.466,599
2025-01-23T00:00:00.000Z,0.5,25.2,4.2,3.1,6.4,3.112,594
2025-01-24T00:00:00.000Z,1.3,22.6,4.5,3.6,5.6,4.035,434
2025-01-25T00:00:00.000Z,1,23.9,4.2,2.8,5.9,2.515,555
2025-01-26T00:00:00.000Z,0.7,14.5,3.95,2.9,5,1.475,602
2025-01-27T00:00:00.000Z,0.7,16.8,3.7,2.8,4.8,1.884,610
2025-01-28T00:00:00.000Z,0.5,15.8,4.2,2.8,5.4,2.017,635
2025-01-29T00:00:00.000Z,0.8,14.9,3.2,2.4,4,1.346,629
2025-01-30T00:00:00.000Z,0.2,15.3,3.45,1.7,4.6,2.521,462
2025-01-31T00:00:00.000Z,0.1,14.9,4.5,1.8,6.6,3.193,614
2025-02-01T00:00:00.000Z,8.6,32.7,16.7,13.5,24.2,6.003,662
2025-02-02T00:00:00.000Z,7.8,30.3,11.8,9.8,13.7,3.637,636
2025-02-03T00:00:00.000Z,5,18.8,10.2,7.7,13.6,3.284,645
2025-02-04T00:00:00.000Z,0.2,17.4,3,1.6,5.3,2.835,606
2025-02-05T00:00:00.000Z,0.5,30.8,4.3,2.3,5.2,2.571,545
2025-02-06T00:00:00.000Z,0.2,15.4,3.7,2.2,4.8,3.386,572
2025-02-07T00:00:00.000Z,0.3,21.5,4.2,1.7,7,3.428,589
2025-02-08T00:00:00.000Z,0.2,21.7,2.6,1.6,7,3.763,495
2025-02-09T00:00:00.000Z,0,23.6,1.2,0.4,5,3.49,599
2025-02-10T00:00:00.000Z,0,4.3,0.8,0.4,1.1,0.554,561
2025-02-11T00:00:00.000Z,0,25,2.3,1.5,3.6,3.072,574
2025-02-12T00:00:00.000Z,0,21.7,2,1.2,3,2.186,582
2025-02-13T00:00:00.000Z,1.5,28.7,4.6,3.7,5.9,3.434,623
2025-02-14T00:00:00.000Z,0,15,1.6,0.9,3.75,2.753,277
2025-02-15T00:00:00.000Z,0,7.1,1.8,0.8,2.9,1.376,331
2025-02-17T00:00:00.000Z,0.2,15.6,3.4,2.5,4.1,1.862,290
2025-02-18T00:00:00.000Z,0.6,9.2,2.6,1.9,3.8,1.374,595
2025-02-19T00:00:00.000Z,0,14,1.5,0.8,2.6,2.372,587
2025-02-20T00:00:00.000Z,0,14.2,1.2,0.7,2.1,1.916,585
2025-02-21T00:00:00.000Z,0.5,20.6,3.6,2.4,7.9,4.346,624
2025-02-22T00:00:00.000Z,0,12.3,1.9,1.2,5.1,2.938,580
2025-02-23T00:00:00.000Z,0,11.3,2.3,1.5,5.9,2.424,614
2025-02-24T00:00:00.000Z,0.1,21.8,3.5,2.4,4.7,2.789,573
2025-02-25T00:00:00.000Z,0.1,17.7,4.9,2.04,6.3,3.123,604
2025-02-26T00:00:00.000Z,0.8,19.9,3.4,2.35,5.6,2.885,613
2025-02-27T00:00:00.000Z,5.7,22.7,9.85,7.4,12.6,3.685,430
2025-02-28T00:00:00.000Z,10.5,27,19.8,17.3,22.9,3.367,106
2025-03-01T00:00:00.000Z,4,21.5,6.1,5.5,7.6,2.417,449
2025-03-02T00:00:00.000Z,3.2,37.9,6.4,5.6,7.4,2.509,632
2025-03-03T00:00:00.000Z,1.2,20.8,5.3,4.3,6.3,2.111,613
2025-03-04T00:00:00.000Z,0,10.7,3.05,2,5.3,2.307,614
2025-03-05T00:00:00.000Z,0,4.8,1,0.4,2.1,1.094,579
2025-03-06T00:00:00.000Z,0.1,5.8,2,0.7,2.8,1.51,143
2025-03-07T00:00:00.000Z,0.4,18.1,4.09,2.3,7,3.73,456
2025-03-08T00:00:00.000Z,0,7,1,0.2,2.6,1.739,453
2025-03-09T00:00:00.000Z,0,10.4,1,0.5,1.8,1.813,574
2025-03-10T00:00:00.000Z,0.4,20.3,2.2,1.5,3.4,3.051,584
2025-03-11T00:00:00.000Z,0.2,28.1,3.3,2,7.85,4.1,633
2025-03-12T00:00:00.000Z,0,25.5,2.6,1.3,6.25,5.32,600
2025-03-13T00:00:00.000Z,0.5,14.3,3.5,2.5,4.59,2.343,636
2025-03-14T00:00:00.000Z,0.2,23.8,2.9,2.2,4.5,2.643,640
2025-03-15T00:00:00.000Z,0,21.6,1.3,0.6,2.9,3.384,593
2025-03-16T00:00:00.000Z,0,23.7,3.2,2,4.7,3.611,639
2025-03-17T00:00:00.000Z,0.2,27.2,4.2,2.7,5.8,4.582,631
2025-03-18T00:00:00.000Z,2,19.6,5.5,4.6,7.35,2.986,641
2025-03-19T00:00:00.000Z,0.1,23,4.9,3.5,7.6,2.934,635
2025-03-20T00:00:00.000Z,0,22.8,1.8,1,3,3.138,626
2025-03-21T00:00:00.000Z,0.6,20.5,4.4,2.9,5.6,3.18,655
2025-03-22T00:00:00.000Z,1.1,14.4,5.2,3.1,6.5,2.219,455
2025-03-23T00:00:00.000Z,0,26.1,2.6,0.8,7.1,5.275,624
2025-03-24T00:00:00.000Z,0,16,1.8,1,2.8,1.587,606
2025-03-25T00:00:00.000Z,0.6,26.3,2.9,2,6.7,4.96,652
2025-03-26T00:00:00.000Z,0.7,25,3.9,2.75,7.6,4.283,641
2025-03-27T00:00:00.000Z,0.5,20.5,4.1,3,7.85,3.77,248
2025-03-28T00:00:00.000Z,0,13.4,2.5,0.7,4.59,2.176,457
2025-03-29T00:00:00.000Z,0.1,19.6,1.6,1,4.55,4.768,633
2025-03-30T00:00:00.000Z,0,8.3,1.5,0.4,2.7,1.845,568
2025-03-31T00:00:00.000Z,0,7.7,1.9,1,3.5,2.045,598
2025-04-01T00:00:00.000Z,0.7,11.3,2.5,1.8,3.4,2.025,625
2025-04-02T00:00:00.000Z,0.3,6.1,2.7,1.9,3.6,1.107,622
2025-04-03T00:00:00.000Z,0.3,24.6,2.2,1.45,5.4,4.506,381
2025-04-04T00:00:00.000Z,0,23.9,3.5,1.6,5.9,4.016,639
2025-04-05T00:00:00.000Z,0,6.6,1.1,0.7,1.7,0.912,596
2025-04-06T00:00:00.000Z,0.7,15.4,4.2,2.2,6.5,3.159,629
2025-04-07T00:00:00.000Z,0.3,29.5,4.5,1.4,6.7,3.692,614
2025-04-08T00:00:00.000Z,0.5,12.4,2.5,1.6,3.5,1.695,592
2025-04-09T00:00:00.000Z,1.9,27,5.09,3.8,10.1,4.161,644
2025-04-10T00:00:00.000Z,0,11.9,2.1,1.3,4.1,2.153,607
2025-04-11T00:00:00.000Z,0.7,14.9,4.59,2.8,6.9,2.833,455
2025-04-12T00:00:00.000Z,0,10.1,1.75,0.9,3,1.879,638
2025-04-13T00:00:00.000Z,1.1,9.9,3.9,2.7,4.9,1.429,611
2025-04-14T00:00:00.000Z,0.1,32.3,3.8,2.4,5.6,4.108,559
2025-04-15T00:00:00.000Z,0,25.2,2.1,1.3,3.4,4.03,604
2025-04-16T00:00:00.000Z,1.3,62.1,5.7,3.1,9.35,6.588,637
2025-04-17T00:00:00.000Z,2.4,35.8,7,4.7,9.4,4.901,643
2025-04-18T00:00:00.000Z,2.2,29.3,5.7,3.8,9.6,4.486,628
2025-04-19T00:00:00.000Z,3.9,25,7.2,5.8,9,3.973,559
2025-04-20T00:00:00.000Z,0,33.3,2.6,1.6,4.55,5.32,608
2025-04-21T00:00:00.000Z,0,42.1,1.3,0.8,2.5,2.699,606
2025-04-22T00:00:00.000Z,1.4,59.2,7.7,5.6,10.3,6.542,646
2025-04-23T00:00:00.000Z,0.6,33,3,1.9,3.8,2.263,635
2025-04-24T00:00:00.000Z,0.3,30.4,3.4,2.29,6.4,4.438,647
2025-04-25T00:00:00.000Z,0,22.7,10.5,4.15,12.8,4.843,569
2025-04-26T00:00:00.000Z,0.1,22.7,1.9,1.2,3.1,2.567,560
2025-04-27T00:00:00.000Z,0,44,2.1,1.1,4.7,4.651,610
2025-04-28T00:00:00.000Z,0,24.9,3.5,1.7,4.7,3.112,503
2025-04-29T00:00:00.000Z,0.2,23.7,2.4,1.6,4.3,3.194,509
2025-04-30T00:00:00.000Z,0,11.7,1.2,0.4,3.45,2.507,501
2025-05-01T00:00:00.000Z,0,16.9,4.1,1.7,5.5,2.557,641
2025-05-02T00:00:00.000Z,0.3,850.3,4.3,3.1,7.05,34.955,589
2025-05-03T00:00:00.000Z,1.9,34.9,8.3,3.3,11.5,5.579,527
2025-05-04T00:00:00.000Z,3.1,23.4,7.1,5,9.8,3.152,643
2025-05-05T00:00:00.000Z,3.1,31.4,5.1,4.4,6.4,3.513,527
2025-05-06T00:00:00.000Z,2.3,22.4,7.9,6.3,9.9,4.212,553
2025-05-07T00:00:00.000Z,1.1,146.4,4.5,3.4,6.45,9.235,564
2025-05-08T00:00:00.000Z,2.1,20.6,6.7,5.09,8.4,2.837,520
2025-05-09T00:00:00.000Z,0.5,28.4,3.6,2.35,5.75,3.18,560
2025-05-10T00:00:00.000Z,1.3,25.5,4.8,3.4,7.5,3.679,626
2025-05-11T00:00:00.000Z,0.6,57.4,4.2,2.7,6.4,5.732,655
2025-05-12T00:00:00.000Z,2.1,32.8,5,3.5,6.8,6.216,525
2025-05-13T00:00:00.000Z,1.3,24.1,4.5,3.1,8.94,3.845,521
2025-05-14T00:00:00.000Z,0.4,32.1,4.8,1.4,8.19,4.843,520
2025-05-15T00:00:00.000Z,0,16.8,2.1,1.5,3.1,2.165,498
2025-05-16T00:00:00.000Z,0.3,20.5,4,1.8,6.4,3.989,614
2025-05-17T00:00:00.000Z,0.7,30.7,4.2,2.7,8.4,4.937,654
2025-05-18T00:00:00.000Z,0.2,14.2,3.5,2.5,5,2.788,642
2025-05-19T00:00:00.000Z,0.8,32.1,4.84,2.4,6.9,3.909,646
2025-05-20T00:00:00.000Z,0.1,78.2,3,1.9,5.09,6.051,630
2025-05-21T00:00:00.000Z,0.9,28.7,6.2,3.5,11.8,7.275,664
2025-05-22T00:00:00.000Z,1,18.1,3.8,2.6,5.4,2.736,640
2025-05-23T00:00:00.000Z,0.3,25.1,4.5,2.9,6.3,4.782,473
2025-05-24T00:00:00.000Z,0.2,22.1,1.7,1.1,3.65,4.874,440
2025-05-25T00:00:00.000Z,3.7,4.1,3.9,3.7,4.09,0.2,2
2025-05-26T00:00:00.000Z,2.8,11.2,4.2,2.9,10.7,3.692,7